,headline,actual_classification,logistic_regression_classification,xgboost_classification
1754,KeyBanc Sees Positive Signs For Akamai Technologies In May Data,1,1,1
101,Salesforce unveils new ecosystem insights on its AppExchange,1,1,1
3564,Ram Is Working Hard on a New Mid Size Pickup,1,1,1
360,Nissan  Ford  VW led      April European car sales slide,0,1,1
57,Google s Chrome Becomes Web  Gatekeeper  and Rivals Complain,1,1,1
2319,Apple s WWDC      Was All About Apps  Security,1,1,1
970,FEATURE More work  less water  India s booming  Silicon Valley  faces dry times,0,1,1
66,Global Gallium Arsenide  GaAs  Market        Freiberger Compound Materials  AXT  Sumitomo Electric  China Crystal Technologies  Visual Photonics Epitaxy Business Pulze,0,0,0
3038,Scarlett Johansson Is Engaged to Colin Jost  Get the Details,1,1,1
1830,What to Watch on Wednesday  A creepy  pink haired Miley Cyrus on Black Mirror,1,1,1
1044,Disturbed s David Draiman blasts Roger Waters  and the rest of his Nazi comrades  for Israel boycott,0,1,1
683,  Best Drones for Beginners,1,1,1
3451,Fiat Plans Merger With Renault in Latest Auto Industry Jolt,1,1,1
882,This Cyclist Impaled His Leg on His Bike in a Horrifying Race Crash,0,0,0
2042,So Much for AT amp T s Grand Advertising and Streaming Plan Data Sheet,1,1,1
3213,Everything You Need To Know About Google Stadia,1,1,1
90,This Is the TRD Tuned Sequoia Toyota Should Have Built a Decade Ago,1,1,1
940,White campground employee arrested after chasing black couple off property with a gun   You don t belong here,0,0,1
3400,Car Review  Jeep Renegade   a small SUV to put a smile on your face,1,1,0
604,The Zacks Analyst Blog Highlights  Apple  Facebook  Amazon  Google and Microsoft,0,0,0
466,   Boozy Father s Day Gifts That Are More Creative Than a Bottle of Whiskey,1,1,1
2053,Spotify Reprising  Sound Up  Podcasting Boot Camp for Women of Color,1,1,1
2236,Jeff Daniels on his Tony nod   I m just glad to get a ticket to the party ,1,1,1
253, Guardians of the Galaxy  Star Dave Bautista Recalls His  Nightmare  Audition   I Was Terrified   Video ,0,1,1
2556,Actor Jussie Smollett not returning to  Empire   TV creator says,1,1,1
2709,How  Mulan  helped me accept my sexuality and gender,1,1,1
270, Star Wars  Plans  Knights of the Old Republic  Film Trilogy With First Female Writer Since        Report,0,1,1
3705,NHRA  Steve Torrence s fourth win of season highlights wild day in Chicago,1,0,1
3768,Lexus has much riding on the launch of the      RX crossover,1,1,1
574,Robocall ruling by FCC will let phone companies block unwanted calls by default,1,1,1
2653,The top   steakhouses for a special occasion in Orlando,1,1,1
2118,Google Maps adds disaster alerts following Apple s Maps app debut,1,1,1
336,Markets Right Now  Stocks fall as internet giants drop,0,0,0
2459,Growing Criticism Makes Big Tech a Big Target Over Antitrust  Legal Experts Say,1,1,1
1123,Nikkei hits       month low as carmakers plunge on Trump s Mexico tariff jolt,0,0,0
773,Vail Resorts  MTN  Q  Earnings and Revenues Beat Estimates,0,0,0
2753,Elton John and Rocketman filmmakers condemn Russia censorship of movie s LGBTQ related scenes,1,1,1
2878,New Star Wars Movie Based on the Knights of the Old Republic Video Game Is Being Written,1,1,1
1499,Bargain alert  Save      on this renewed MacBook Pro from Amazon,1,1,1
3827,Toyota  Panasonic form joint venture in housing for Japan,1,1,1
812,PlayStation  Xbox controllers to work with iOS  tvOS   ,0,1,1
2023,W R  Berkley Board Okays Dividend Hike and Special Dividend,1,0,1
2194,Silicon Valley Heads to Oakland for NBA Finals  Which Tech Giants Will Sit Courtside ,1,1,1
2846,Aladdin   Does it differ from the original movie  How is Will Smith s Genie  We have answers,1,1,1
1805,Nokia Gathers Solid Pace in  G Commercial Deals Across Globe,1,1,1
2914,Anna Kendrick Anthology  Love Life  Picked Up as One of the First WarnerMedia Streaming Shows,1,1,1
3134,Brie Larson Channels Her Inner Jedi While Visiting Disneyland s Star Wars  Galaxy s Edge,1,1,1
118,How an Amazon Store Can Increase Shopper Engagement,1,1,1
203,Stocks   Campbell Soup  Apple  Cronos Rise Premarket  GameStop Slumps,0,0,0
1401,Tyler Reddick happy to be in top echelon of Xfinity Series,0,1,1
3685,BMW Rekindles Love with Land Rover  and Jaguar  to Make Electric Powertrains,1,1,1
581,Need a Father s Day gift  This Kindle is on sale for its best price ever right now,1,1,1
3258,YouTube updates hate speech guidelines to prohibit videos,1,1,1
3267,China s Huawei signs deal to develop  G in Russia,1,1,1
1038,Kendall Jenner sports        red Canadian tuxedo  Shop the look for less,0,1,1
532, Homecoming  and  Russian Doll  Explore Existential Half Hour Journeys With Trippy Timelines,1,1,1
678,How to Pack for a Business Trip,1,1,1
3756,Portugal WRC  Tanak leads amid Hyundai dramas,1,1,0
1502,Amazon s Black Friday deal on PlayStation Plus is back  and you re crazy if you don t re up,1,1,1
3899,Mazda  Toyota affiliates to form     million joint company in Alabama ,1,1,1
2478,Raven Symone s Advice for New Generation of Disney Child Stars,1,1,1
1009,German official  We ll push for minimum corporate taxation at G   meeting,0,1,1
3453,Suzuka Super GT  Nakajima Sekiguchi lead Lexus      ,1,1,1
84,Top Ranked Value Stocks to Buy for June  th,0,0,0
2088,Tyga Releases  Legendary  Album f  Lil Wayne  Blueface  Offset  and More,1,1,1
2485,Comcast Reorganizes Channels Post Sky Deal  Lee Raftery Gets New Role,1,1,1
3386,Nissan CEO sees no big downside to FCA Renault merger,1,1,1
269,AT amp T Stock Could Be a Great Bet,0,0,0
237,Qatar s beIN Media Group Seeking to Sell     Miramax Stake  Report ,0,1,1
1417,Refactor Capital Co Founder David Lee Steps Away  Becomes Chairman  Term Sheet for Thursday  May  ,0,1,1
3474,Renault in team up talks with Fiat Chrysler  reports,1,1,1
476,If Bug Juice Wasn t Part Of Your Childhood  You Did It Wrong,1,1,1
2763,This Is the Hardest Restaurant to Get Reservations for at Disney World,1,1,1
3003,  events worth checking out in Memphis this week,1,1,1
3645,Tanak and Toyota roar through Portuguese dust,1,1,1
709,Google  Amazon  Facebook and Apple Could Face Antitrust Investigations  How Do Those Work ,0,1,0
134,Microsoft Reclaims    Trillion Mark as Stock Climbs to Record,0,0,0
1725,Amazon has the latest iPad on sale for     off   its lowest price ever,1,1,1
834,Big U S  hedge funds regain ardor for FAANGs in first quarter   filings,0,0,0
3127,Empire  Ending After Season  ,1,1,1
3700,Driver who killed ex paratrooper with his car was  county lines  drug dealer  court told,1,0,0
1529,Pick up a PlayStation Classic retro console for     while we wait to hear about the PS ,1,1,1
3264,Bungie to Reveal  Next Chapter  of  Destiny    on Thursday,1,1,1
759,Apple Watch  Fire TV  Netgear routers  and more deals for June  ,0,1,1
2144,FCC ORDER WILL ALLOW APPLE  OTHER COMPANIES TO EMPOWER CONSUMERS BLOCK ALL CALLS NOT ON CONTACT   ,1,1,1
1748,Bernie Sanders confronts Walmart on worker pay  slams Walton family at annual meeting,1,1,1
2764,NBCUniversal Says Heartbeat Bills Will  Strongly Impact Our Decision Making  on Future Production,1,1,1
2895,Roger Mathews Claps Back Over  Negative Comments  About Ex Jenni  JWoww  Farley s Parenting Skills,1,1,1
2529,Dwayne Johnson s  Black Adam  Finds Its Director In Jaume Collet Serra,1,1,1
1563,  West Alum Joe Quenqua Named Chief Communications Officer of WW International,1,1,1
3678,Azim Premji  India s second richest man owns a second hand car and a generous heart,1,1,1
375,  Stocks With Low Price Earnings Ratios,0,0,0
398,A Lot Of Pressure For  M Stock,0,0,0
2403,Canadian smartphone maker Siyata Mobile sees billions in U S  market,1,0,0
1426,TOYOTA MOTOR SAYS TRUMP PROCLAMATION ON AUTO IMPORTS SIGN  quot OUR INVESTMENTS ARE NOT WELCOMED quot     COMPANY STATEMENT  TOYOTA MOTOR SAYS TRUMP PROCLAMATION ON AUTO IMPORTS SIGN  OUR INVESTMENTS ARE NOT WELCOMED,0,1,1
946,Torche release new song  Times Missing   add summer tour dates supporting Baroness,0,1,1
2373,     Ram      Is a Refined Workhorse,1,1,1
723,The Jonas Brothers Air Their Dirty Laundry in Eye Opening Documentary   I Felt Betrayed ,1,1,1
1124,Japanese partners not left in the dark on Renault talks with FCA  Mitsubishi says,0,1,1
2894,Naomi Scott Doesn t Just Play Jasmine in Aladdin   She Dresses Like Her  Too,1,1,1
3680,BMW sells cars globally despite tariffs  no reason to change Mexico plans   board member,1,0,1
1283,Edited Transcript of EFL TO earnings conference call or presentation    May         pm GMT,0,0,0
3487,Nissan faces long  rocky road to cut U S  discounts  rental sales,1,1,1
3650,Toyota  TM  to Invest     M in China Based Didi Chuxing,1,1,1
806,With Google and Facebook under the microscope  Apple could emerge a winner  Analyst,0,0,0
191,NBC Nabs Robert Langdon Drama Based On Dan Brown s  The Lost Symbol  From Imagine With Big Commitment,0,1,1
1194,Edited Transcript of        KS earnings conference call or presentation   May        am GMT,0,0,0
1317,Steve Kerr   Everything is on the table  for Warriors  Game   lineups,0,1,1
2005,Peloton s IPO Is Clouded by Its Legal Fights,1,1,1
2938,This man won million dollar lotteries twice now his wife has won    million too,1,1,1
553,Why Upwork Scratched College Degree Requirements From Our Job Descriptions,1,1,1
2560, Euphoria  EP On  Mindful  Approach Of Portraying Drug Use   ATX,1,1,1
3834,What Kind of Fuel Economy Does the      Ford Ranger Get in the Real World ,1,1,1
3338,Apple May Have Just Swiped     Million Console Gamers Without Breaking a Sweat,1,1,1
2286,Expenses podcast  The unsung hero of the scandal,1,1,1
93,     Toyota Tundra rumored to get     liter twin turbo V  hybrid as top powertrain   Autoblog,1,1,1
1711,WATCH  This Sliding Barn Door Hardware Kit on Amazon Is Amazing,1,1,1
3319,WWDC       Does Apple s      Mac Pro Stand Deliver ,1,1,1
2740,Produced By      Conference Finalizes Speaker  Moderator Roster,1,1,1
1353,   Year Old Job Hunters Could Become New Normal in Aging Japan,0,1,1
1723,Amazon s new drones to start delivering packages in months,1,1,1
2227,  Pieces of Financial Advice From College Commencement Speakers,1,1,1
283,Atwater  amp  KKR s German Conglom Launch Local Language Financier Library Pictures International With India s RSVP  amp  Lat Am s Sun   ,0,1,1
2953,Will Smith Says Playing Genie From  Aladdin  More Daunting Than Playing Muhammad Ali,1,1,1
587,This     Tie Dye Tank Top Might Already Be the Fashion Item for Summer     ,1,1,1
3549,Did Vampire Weekend Win the Indie Rock Age ,1,1,1
1561, Lucifer  Renewed For Fifth  amp  Final Season By Netflix,1,1,1
108,These Noise cancelling Headphones Are the Secret to Enjoying Your Next Flight   and They Cost Just    ,0,1,1
1821,Central Park Five prosecutor resigns after Netflix s When They See Us causes backlash,1,1,1
3385,Nissan s technology could pay in Renault FCA deal  sources,1,1,1
502,  best travel pillows to keep you snoozing all flight long,1,1,1
463,G   agrees to push ahead with digital tax  communique,1,1,1
2979,Trailers of the Week   Maleficent      Midsommar   New  Black Mirror ,1,1,1
1895,Is  Big Tech  too big  A look at growing antitrust scrutiny,1,1,1
1288,Missing yoga teacher found alive two weeks after disappearing in Hawaii forest,0,1,1
3810,AT amp T to Madison Avenue  Time to Hang Up on TV Networks  Column ,1,1,1
3499,RPT ANALYSIS Nissan earnings slide fuels Renault deal pressure,1,0,0
108,Salesforce tackling bias in AI with new Trailhead module,1,1,1
136,Global Amino Acid Surfactants Market Top Player        Ajinomoto  Clariant  Sino Lion  Miwon  Zschimmer   Schwarz,0,0,0
2752,Want to drink blue milk like Luke Skywalker  At Star Wars  Galaxy s Edge you can  but shouldn t,1,1,1
20,Companies to Watch  Barnes  amp  Noble going private  Facebook overhauls teams  AT amp T reviews streaming services,0,0,0
406,Dow Jones Industrial Average Rises as Trump Predicts Quick Tariff Deal,0,0,0
1023,Silicon Valley Battered as Washington Turns Up Antitrust Heat,0,0,0
17,Volvo Signs    Year Battery Deal With CATL   LG Chem,1,1,1
1309,  Things That Increase Your Car s Value,0,0,0
328,US stock indexes end mixed  Nasdaq slumps on big tech slide,0,0,0
1716,Bernie Sanders tells Walmart shareholders company is paying workers  starvation wages ,1,1,1
3325,Fiat Chrysler Renault Merger Is A Sign Of Things To Come In The Auto Industry,1,1,1
1580,Juan Antin s Animated Film  Pachamama  Arrives on Netflix After    Year Journey,1,1,1
450,Best Toddler Games,1,1,1
3748,Speedy Byron wins Pocono     pole,1,1,1
1940, Crypto  for  Cryptography   How Justified Is the Exuberance Around Apple s Developer CryptoKit ,1,1,1
3852,A Fiat Chrysler Renault Merger Would Put Nissan in a Bind,1,1,1
3607,UPDATE   U S  rejects Tesla bid for tariff exemption for Autopilot  brain ,1,1,0
961,  ways to make the most of your week in Atlanta,0,1,1
82,BASF and Glycosyn partnership to capitalise on HMO and gut health interest,1,1,1
1873,Latest Galaxy Note    leak reveals an accessory we really hope is real,1,1,1
3921,Amazon Orders YA Drama  The Wilds  From Sarah Streicher to Series,1,1,1
3251,The  Game Of Thrones  Finale Was Much Darker Than It Seemed,1,1,1
2675,Think Tank  The Future of Retail Comes to Life in Times Square,1,1,1
722,Why the US should go after Facebook before Apple  Amazon  or Google,0,1,1
1402,US agency scraps proposal to prevent unintended acceleration,0,1,1
3041,AT amp T s TV Business Will Keep Losing Subscribers Throughout     ,1,1,1
1655,A     B takeover of Looker shows Google s head is in the cloud,1,1,1
3880,Google rolls out dining and translation filters to Lens,1,1,1
1325,Warriors look to eliminate Rockets on Friday without Durant,0,0,1
2535,Report  AT amp T Thinks It Can Sell     A Month Streaming Package,1,1,1
38,Lenovo Makes the Leap Into Foldable Display Laptops,1,1,1
1046,U S  moving toward major antitrust probe of tech giants,0,0,1
1722,Amazon s new drones to start delivering packages in months,1,1,1
2927,Teens  superheroes lead charge in LGBTQ Hollywood movie characters,1,1,1
404,Dow gives up gains  falls to session lows in Tuesday afternoon action ,0,0,0
3615,Buemi  Title chances gone after Nissan double disaster,1,1,1
693,HBO s  Chernobyl  Is Now the Top Rated TV Show on IMDb,1,1,1
1298,Billion Dollar Companies That Changed the Way We Live,0,1,1
524,Chico s Rejects Buyout Offer With a Catch,0,1,1
3727,Martin Truex Jr   No     team  doing all the little things right ,1,0,1
92,Mazda  Toyota affiliates to form     million joint company in Alabama,1,1,1
1957,     Kia Niro EV Is Practical and Roomy,1,1,1
11,Weak Jobs Data Pushes Technology Stocks and Entrepreneur Index  Up Sharply,0,1,1
608,How to Earn More Money This Summer With a Side Hustle,1,1,1
3161,Disney makes special Winnie the Pooh animation to celebrate royal baby Archie birth,1,1,1
1135,Nissan tells Renault  not opposed  to Fiat Chrysler merger plan  Nikkei,0,1,1
1310,NASCAR Diversity Internship Program announces      class,0,0,1
3456,UPDATE   Fiat Chrysler in tie up talks with Renault   sources,1,1,1
2320,Top San Jose news  City to settle over student s tow truck death  tech conference an economic boon,1,0,0
2899,Jenni  JWoww  Farley Says Her Kids Have  Always Known  Her Boyfriend  Zack Clayton Carpinello,1,1,1
2787,Miley Cyrus s  Unholy  Lyrics Are Her Candid Response to What People Think of Her,1,1,1
3751,Major automakers back compromise on U S  vehicle emissions rules  urge deal,1,0,0
1706,Amazon says Prime Air will begin delivering packages via drones  within months ,1,1,1
487,Robert Downey Jr wants to clean up the Earth using robots,1,0,1
2700,Monday s Hot Clicks  Andre Iguodala s Gutsy Shot Was Evocative of Another Dagger,1,1,1
2920,What this returning supervillain means for Falcon  amp  Winter Soldier show,1,0,1
1709,Amazon s new Prime Air delivery drone will start dropping off packages  within months ,1,1,1
2046,New Balance s partnership with  Fun Guy  Kawhi Leonard pays off through Raptors playoff run,1,1,1
1474,Bentonite Market including top key players like Clariant  Taiko Group  Ashapura  Huawei Bentonite  Fenghong New Material  LKAB Minerals  Bentonite Performance Minerals ,0,0,0
1250,UPDATE   U S  lifts tariffs on Canadian  Mexican metals in boost for trade pact,0,0,0
3448,New auto giant  Fiat Chrysler wants to merge with Renault,1,0,1
2496,Secret Life Of Pets    Seeing    M   But  Dark Phoenix  Up In Smoke With    M  In Lowest Opening For  X Men  Movie,1,1,1
3273,YouTube Cracks Down on Videos Glorifying Nazi Ideology,1,0,1
848,UPDATE   Disney takes control of Hulu to challenge Netflix  Amazon,0,1,1
2868,   movies and shows to watch on Netflix before they re removed in June,1,1,1
2632,Marvel reveals new direction for the MCU,1,1,1
1764,Amazon Is Selling a Grow Your Own Cherry Blossom Bonsai Tree Kit For    ,1,1,1
2595,June deals  How  where to get free food   donuts  burritos and tacos   and other discounts,1,1,1
1166,Champions League final  Tottenham ban three fans indefinitely for selling tickets on secondary   ,0,1,1
1853,A gem hunter accidentally discovered a new dinosaur species,1,1,1
1458,Global Inflammatory Bowel Disease Treatment Market       AbbVie  Inc   Pfizer  Inc   Allergan plc   Shire Plc  Novartis AG ,0,0,0
2034,Facebook s  GlobalCoin  Crypto Will Be Tied to Multiple Currencies  Exec,1,0,1
2866,Hulu Orders Anthology Series Based on Nathan Ballingrud s  North American Lake Monsters ,1,1,1
2101,Does the SEC s ICO Lawsuit Against Kik Go Too Far ,1,1,1
871,Your Dad Is Getting The BEST Father s Day Gift Thanks To This Epic Sale,0,1,1
3255,YouTube to ban  hateful    supremacist  videos,1,1,1
988,Stonewall Forever     years after the raid that sparked the LGBTQ movement  it goes digital,0,1,1
3401,The Renault Deal Is Dead  But Fiat Chrysler Still Desperately Needs a Partner,1,1,1
297,Cramer s lightning round  Fox is a  good stock   but I prefer Disney,0,0,0
3424,France wants FCA Renault job guarantees and Nissan on board,1,1,1
489,The Most Popular Kids  Shows in America Aren t What You Think They Are,1,1,1
2258,New Apple sign ins may present issues for Facebook,1,1,1
169,Dow    Stock Roundup  UNH to Hike Dividend  MRK Zerbaxa s New Indication Gets FDA Nod,0,0,1
3465,Fiat Chrysler submits proposal for a merger with Renault,1,1,1
3526,Sony launches buyback plan  Baidu reports loss  MGM Resorts may pay big,1,1,1
2263,   Fourth of July Quotes That Will Make You Laugh  Cry and Get Very Excited for This Year s BBQ,1,1,1
2712, Handmaid s Tale  Exec Producer  America Is on a  Very  Very Slippery Slope Toward Gilead ,1,1,1
215,Is Now the Best Time to Own Qualcomm Stock ,0,0,0
1397,Edited Transcript of      T earnings conference call or presentation   May        am GMT,0,0,1
1423,Spa WEC  Alonso  Buemi  Nakajima win snow hit race,0,0,1
3034,Classic Film Review  The Star Wars Saga Will Never See a Chapter Like The Phantom Menace Again,1,1,1
134,Know about Ammonium Polyphosphate  Phase II  Market Influencing Factors by Top Companies like Clariant  ICL Performance Products  Oceanchem Group  Pantech Chemicals  JLS Chemical  Shifang Changfeng Chemical,0,1,1
2845,Aladdin stays one jump ahead of box office competition to win Memorial Day weekend,1,1,1
2488,Everything we know about the X Men s future on screen now Dark Phoenix is done,1,1,1
2445,iOS     New iPhone and iPad software available now   but Apple warns users not to install it,1,1,1
2378,  best running headphones for sound quality  battery life and comfort,1,1,1
3442,How Renault  Fiat Chrysler could save through sharing,1,1,1
2522, Runaways  Adds Elizabeth Hurley as Marvel Villain Morgan le Fay,1,1,1
1958,Mark Ronson   Self deprecation can seem like a false character trait to make you endearing ,1,1,1
1220,Truex Jr   Keselowski claim Coca Cola     stage victories,0,0,0
2454,Taiwan says  unrepentant  China covering up June   Tiananmen crackdown,1,1,1
2901,China Box Office   Aladdin  Opens on Top With     Million Weekend,1,1,1
3398,UPDATE   France engaged constructively in failed FCA Renault talks  Le Maire,1,1,1
1994,Updated Best Ball QB Tiers,1,1,1
102,Faulty database script brings Salesforce to its knees,1,1,1
264, X Men  Dark Phoenix  ending completely reshot due to  parallels  with another superhero movie  exclusive ,0,1,1
3185,Avengers  Endgame  gives this Georgia made craft beer its own superhero moments,1,1,1
159,Here s Why You Should Retain NextGen Healthcare  NXGN  Stock,0,0,0
2588,Soundcheck With Aly  amp  AJ,1,1,1
2047,DexCom and Companion Medical Collaboration to Support CGM,1,1,1
1414,Edited Transcript of GPI earnings conference call or presentation    Apr        pm GMT,0,0,0
496,Season   of  The Marvelous Mrs  Maisel  Just Added a Royal to the Cast,1,1,1
3259,YouTube s Track Record Suggests Its New Anti Hate Policy Will Fail,1,1,1
647,Apple s New Sign In Feature Is a  Shot Across the Bow  at Google and Facebook,0,1,1
119,UPS Boosts Delivery Experience by Offering Members Free Two Day Shipping  Returns  amp  Seamless Checkout,0,1,1
2210,The Ones  Rod Wave s  Heart on Ice ,1,1,1
622,Brides Share the Smartest Wedding Money Moves They Made,1,0,1
3058,CEOs ousted for improper misconduct hit a high in       Here s a list of the big ones,1,1,1
2436,LG gram laptops on sale  Light  cheap  and great battery life,1,1,1
1174,Champions League final tickets  Liverpool and Spurs fans join forces to call on sponsors to hand   ,0,1,1
1882,These Kids  Tablets Are Fun  Durable  and Even Educational,1,1,1
464,Turn any water into drinking water with this     contraption,1,1,1
2006,LogMeIn Widens Bold    Offering to Aid Customer Experience,1,1,1
666,Mark Cuban   AI is going to change everything ,1,1,1
614,Solid little drain snake   The    secret weapon of people with unclogged drains,1,1,1
811,US STOCKS Futures rise after Bullard boosts rate cut hopes,0,0,0
2828,Gotta catch  em snores  Pokemon sleep app to launch next year,1,1,1
3862,Evonik to close down polyphthalamide production in Witten to focus on new polyamide    operations in Marl,1,1,1
2936,How Studios  Streaming Services Affect Global Strategy  Sales at L A  Screenings,1,1,1
3583,Kelly accepts blame for wild van Gisbergen clash,1,1,1
345,Stock Market News  Car Company Megadeal Collapses  Stitch Fix Delivers,0,0,0
245,Anthony Mackie To Star In Action Sci Fi  Outside The Wire  For Netflix   Captain America  Star Will Produce With   ,0,1,1
799,CORRECTED Apple asks developers to place its login button above Google  Facebook,0,0,0
1002,Tech Wreck  Makes for Rough Start to June,0,1,1
141,Coach just added tons of new styles to their massive summer sale    with up to     off,0,1,1
3078,Hear Beyonce Speak as Nala in  The Lion King  TV Promo  Video ,1,1,1
1593,  best electric toothbrushes to keep teeth healthy  bright and pearly white,1,1,1
1150,As you head out for Memorial Day  watch out for the    states where gas prices are highest,0,1,1
2337,WWDC       How the Apple Watch Is Breaking Free From the iPhone,1,1,1
1058,Google  Facebook and Apple Fall Amid Antitrust Scrutiny,0,0,0
2761, The Lion King   Jon Favreau Enters the  Circle of Life  With Game Changing Photorealism,1,1,1
1118,UK car production almost halves as factories impose Brexit shutdown,0,1,0
443,From Chia Pets to Playmobil sets  here s watcha gonna buy for Ghostbusters Day,1,1,1
2480,Pretty Woman s original ending was harrowingly dark,1,1,1
2259,Save over     on Bose QuietComfort    noise cancelling earphones for Apple devices,1,1,1
856,Friday Is an Important Moment for CBD Investors,0,1,1
3408,Fiat Chrysler Withdraws Merger Proposal With Renault,1,1,1
1225,Preliminary entry lists for Cup  Xfinity at Charlotte,0,1,1
3086,Singer Selena Gomez laments dangers of social media at Cannes,1,1,1
2903,Watch Will Smith   Aladdin  Cast Perform in a Crosswalk on  Corden ,1,1,1
1360,Makino to race Honda in Suzuka    Hours,0,1,1
3709,The Latest  Kyle Busch takes Pocono for  th Cup win,1,1,1
3190,Google Employee Who Helped Organize Mass Walkout Quits After Retaliation Claims,1,1,1
2315,Battlestar Galactica reboot s creator returns to space in For All Mankind trailer,1,1,1
929,Elastic N V  ESTC  Q       Earnings Call Transcript,0,0,0
918,DocuSign  Inc   DOCU  Q       Earnings Call Transcript,0,0,0
1662,Digital Bike Maker Peloton s Confidential ish IPO  Brainstorm Health,1,1,1
963,This Woman Recreated The Perfect Baby Photoshoot   With Her PhD Thesis,0,1,1
1394,Monster Energy Series qualifying order at Kansas,0,0,1
873,Middle school principal demoted for barring Black History Month lessons   She s racist ,0,1,1
2609,Toy Story   a tale of Pixar s technological evolution,1,1,1
1770,International Flavors  amp  Fragrances Buys     Stake in Wiberg,1,1,1
1063,US STOCKS Wall Street tumbles as Facebook  Alphabet extend slide,0,0,0
124,The    Best Stocks for        So Far,0,0,0
3516,Emmanuel Macron Gets It All Wrong Over Nissan,1,1,1
877,Papers  please  Don t let travel document problems ground your next vacation,0,1,1
277,How J J  Abrams brought Carrie Fisher back for pivotal role in  Star Wars  The Rise of the Skywalker ,0,0,1
1944,Apple s macOS Catalina fixes the most frustrating thing about Dark Mode,1,1,1
1545,NASA Reverses Course on Space Tourism  Opens ISS to Private Astronauts  Companies,1,0,1
284,Gambling Stock Roundup  WYNN to Sell Massachusetts Casino  DIS  amp  CZR Ink Deal,0,0,0
3917,Amazon could surge     with AWS worth more than      billion  analyst says ,1,1,1
2805, John Wick  Chapter    Wins Top Prize at Golden Trailer Awards,1,1,1
762,US Market Indexes Close Higher on Tuesday,0,1,0
239,   All Time Great Tony Awards Performances  From  Dreamgirls  to Parkland Students   Seasons of Love   Videos ,0,1,1
100,Google  Facebook have tight grip on growing U S  online ad market   report,0,1,1
3782,The Latest  Martin Truex Jr  wins NASCAR s Coca Cola    ,1,0,1
2811,Netflix will  rethink  Georgia shoots if abortion law holds,1,1,1
3018,Will Smith goes from fear to joy as Aladdin s new genie,1,1,1
646,The Swiss Watch of Finance  Where Fed Rate Cut Odds Come From,0,1,1
3722,Portugal WRC  Tanak doubles lead over Latvala,1,1,1
3604,Paris E Prix  Frijns wins shunt packed race despite damage,1,1,0
132,Is It Time to Hold Your Horses on AMD Stock ,0,0,0
1477,What s the Difference Between AmazonFresh and Amazon Prime Now ,1,1,1
1621,Forget the Trade War  Alibaba Is Winning the Cloud Wars,1,0,1
2615,Lee Daniels Promises  You Ain t Seen The Last  Of  Star   amp   Closure  For Fans Of Canceled Fox Drama,1,1,1
934,Listen  How Mass Appeal Plans to Build on  Wu Tang Clan  Of Mics and Men  Momentum,0,1,1
1570,Amazon s Satellite Project Will Cost Billions  Jeff Bezos Says,1,1,1
2968,Tariffs and new streamers will cost you in     ,1,1,1
1248,Corporations  events face boycott threats over U S  abortion laws,0,1,1
1505,This New Memory Foam Travel Pillow Has Quickly Become a Best seller on Amazon,1,1,1
53,Jeff Bezos net worth       Is the Amazon CEO still the richest person in the world after divorcing wife Mackenzie  How much is his new house worth ,0,1,1
2819,Here s What Is Leaving And Arriving On Netflix In June     ,1,1,1
919,Derma Rollers Are Officially The New Jade Roller  Here s Why,0,1,1
781,Box  BOX  Q  Loss Narrower Than Expected  Revenues Beat,0,0,0
33,Landstar Sees Weakness In TL Spot Market  Downplays Uber Amazon Impact On Brokerage,0,1,1
2352,Developers sue Apple over App Store practices,1,1,1
3913,Salesforce s Major Outage Reinforces Pitfalls of Cloud Software World,1,1,1
97,Google  Facebook have tight grip on growing U S  online ad market  report,0,1,1
1027,  Reasons Amazon Isn t Coming After AT amp T and Verizon,0,1,1
2266,  Key Takeaways From Apple s WWDC,1,1,1
521,The best films to watch at the cinema this week   and what to avoid,1,1,1
2703,Trailer Released for the Ford vs  Ferrari Movie Starring Christian Bale and Matt Damon  in Theaters   ,1,1,1
1478,FedEx will stop air shipments of packages for Amazon,1,1,1
1688,Amazon exec says company welcomes scrutiny of big tech,1,1,1
1368,Auto group tries to steer Colorado clear of California ZEV rules,0,1,1
564,Want to Bring Your Dog to Work  These Are America s Most Pet Friendly Companies of     ,1,1,1
3550,Ashes winner Jones disappointed by lack of Welsh talent ahead of World Cup,1,0,1
2184,Edited Transcript of YEXT N earnings conference call or presentation    May        pm GMT,1,0,0
2170,With its new Michelin guide  has California finally stolen New York s culinary crown ,1,1,1
312,Varg Vikernes  channel eliminated as YouTube deletes videos promoting hate speech  Nazi ideology  and conspiracy theories,0,1,1
1795,Apple Unveils iOS    Featuring Dark Mode  amp  iPad OS at WWDC    ,1,1,1
1729,This Best Selling Bug Repellent Is Also a Sunscreen   and It s Only     on Amazon,1,1,1
2612,Katy Perry  Miley Cyrus  and Pop s Old Guard Are Proving There s Still a Place for Pop Pop,1,1,1
2222,Apple Recalls Three Prong Wall Plug Adapters Included in World Travel Adapter Kit Due to Risk of   ,1,1,1
3591,What your car says about your credit score,1,0,0
3835,Toyota  Panasonic to set up company for  connected  homes,1,1,1
1233,Medical Drone Delivery Startup Zipline Raises      Million In Funding,0,1,1
1201,Edited Transcript of      T earnings conference call or presentation   May        am GMT,0,0,1
71,After Iron Man  Robert Downey Jr  aims to clean up the earth,0,1,1
294,Stocks   FAANGs Slide in Premarket  Teva Sinks  Uber Extends Losses,0,0,0
2247,Always Ignore Software Updates on Your Phone and Computer  Well  We Have Bad News,1,1,1
1030,Tech Giants Will Be Subject Of House Judiciary Committee Antitrust Probe   Update,0,0,0
1246,Missing Yoga Teacher s Boyfriend Fears She s Trapped in Forest  Says He Passed Lie Detector Test,0,0,1
2737,Disney Has An Entire Sparkly Line Of Rose Gold Desserts That s Just Begging To Be Instagrammed,1,1,1
3000,Game of Thrones was  okay  EW review,1,1,1
991,Charlie Kirk  Regulating big tech isn t the solution  the swamp is part of the problem,0,1,1
109,Salesforce Crash Shows Pitfalls Of Cloud Software  Opinion           ,1,1,1
2291,The  Fitbit of China  Is Still Putting Fitbit to Shame,1,0,1
3247,Google s natural disaster alerts will soon come with more visual detail,1,1,1
728,Campbell Soup  CPB  Q  Earnings Beat Estimates  Sales Improve,0,0,0
318,Aurora Cannabis   ACB  Global Expansion Makes the Stock a Solid Play,0,0,0
3477,Former Nissan chairman Ghosn appears in Tokyo court,1,1,1
509,Cryptocurrency Winners Are Starting to Emerge,0,1,1
2660,Elisabeth Moss and Samira Wiley talk significance of  The Handmaid s Tale  costume,1,1,1
2802,FOCUS  Merch by Amazon  t shirt business increasing orders from Disney to Dr  Seuss,1,1,1
3067,James Gunn breaks silence over Guardians of the Galaxy   firing,1,1,1
1193,The Right Way to Invest in Autonomous Vehicles,0,1,1
657,Should Big Tech fear U S  antitrust enforcers ,1,1,1
1004,How I Became a Certified Personal Trainer Overnight,0,1,1
1899,The Pioneer Woman Uses Her Favorite Kitchen Tool In a Totally Unexpected Way,1,1,1
1297,Factbox  Investments by automakers in the U S  and China since Trump came to power,0,1,0
3285,Google Celebrates    Years of LGBTQ Pride with  Living Monument  to the Stonewall Riots,1,1,1
1070,Renault tries to reassure partner Nissan on Fiat plans,0,1,1
3626,Ghosn decries bail conditions limiting contact with his wife,1,1,1
1954,Apple triples down on augmented reality  but it will be a tough sell,1,1,1
778,US Indexes Close Higher for the June   Week,0,1,1
1092,Major concern as automakers deal with a bumpy road through Mexico,0,0,1
3750,Automakers urge Trump to rethink emission standards   With your leadership it can happen ,1,1,1
3910,  Things To Know About The Latest Salesforce Outage,1,1,1
1571,Save     on the best selling Windows    laptop on Amazon,1,1,1
3623,Paris Formula E  Jaguar s Evans leads practice  Virgin pair crash,1,0,1
2153,Fitness Startup Peloton Officially Begins Its Path to IPO  Term Sheet,1,1,1
720,Nick Jonas Revealed That His Biggest Jonas Brothers Regret Was Their Disney Channel Show  JONAS,1,1,1
1376,Four cars fail pre race inspection multiple times at Dover,0,0,1
2256,Munster Gives His Quick Take On Netflix  Livent And More,1,1,1
2584,   Lyrics From Happiness Begins That Prove The Jonas Brothers Have Grown Up,1,1,1
1318,Pair Of Fully Restored And Upgraded Toyota FJs,0,1,1
2495,Chris Stapleton sings  The Ballad of the Lonesome Cowboy  for the Toy Story   soundtrack  Stream,1,1,1
2064,Mercury Systems Sees Hammer Chart Pattern  Time to Buy ,1,1,1
130,Markets Right Now  Stocks rise as rate cut looks more likely,0,0,0
3676,Pressure mounting for KBM youth movement to develop,1,1,1
156,Is Aegon NV  AEG  a Suitable Stock for Value Investors Now ,0,0,0
3112,Caesars Entertainment  ESPN tie up for sports betting content,1,1,1
2633,Sophie Turner  Jennifer Lawrence take over red carpet at  Dark Phoenix  premiere,1,1,1
3031,PGA Championship       Phil Mickelson loves Bethpage  but it s probably time to start thinking about Pebble Beach,1,0,1
410,These stocks   including Coca Cola  Verizon   are the biggest Dow winners when rates fall ,0,0,0
3506,Monaco E Prix  Felipe Massa soaks up  special  first Formula E podium place,1,0,1
3261,Kelkoo ready to take Google complaint to U S  antitrust regulators   CEO,1,1,1
2966,John Wick  opens on top as  Avengers  nears historic mark,1,1,1
2865,CEO Pay  When investors say  nay  on spiraling packages,1,1,1
3512,Nikkei hobbled by trade worries  disappointing earnings,1,0,0
2900,  new Disney treats fit for a Lion King,1,1,1
981,This Software Platform Is Seeking To Become  The Single Source Of The Truth For Cannabis Products ,0,1,1
2505,Sophie Turner s  Game of Thrones  Stunt Double Looked So Much Like Her Joe Jonas Almost Kissed Her,1,1,1
1966,Red Robin s Strategic Efforts Bode Well  Should You Hold ,1,1,1
3482,Tesla Fires Sound Alarms About Electric Car Battery Safety,1,0,1
861,Huawei blocked from installing Facebook  Instagram and WhatsApp on new phones,0,1,1
1169,Winton Supercars  McLaughlin wins after shortcut controversy,0,0,1
2634,Outsiders Blog  Which Blazers player would you want to go on vacation with ,1,0,1
3794,Old partner Nissan left sidelined by Renault Fiat merger,1,1,1
2809, John Wick  Chapter    Wins Tops Honors At Golden Trailer Awards,1,1,1
3063,Joe  amp  Anthony Russo Follow Record Setting  Avengers  Endgame  With AGBO Launch  amp  Cannes Pics   Deadline Disruptors,1,0,1
1028,Silicon Valley Is Targeted by U S  Over Antitrust,0,0,1
456,Mindy Kaling opens up about early  Office  struggles  unplanned motherhood,1,1,1
2013,Listen  Why Tony Rehearsals Make James Corden Cry,1,1,1
3747,National Soccer Hall of Fame Voting Remains a Grossly Flawed Process,1,1,1
3797,BMW CEO Future in Doubt as Tensions Erupt on Tackling Shift,1,1,1
2430,The Dangers of Social Divisions  CEO Daily,1,1,1
2081,Love Island viewers think they ve seen Simon Cowell hiding in the villa,1,1,1
3277,Junk food adverts from McDonald s  M amp S and Asda banned for targeting children online,1,1,1
3759,Toyota may invest about      million in China ride hailing firm Didi   Nikkei,1,1,1
1756,The crazy device that adds real night vision to any car got a      discount on Amazon,1,1,1
2962,Toy Story    producer addresses the existential crisis created by new character Forky,1,1,1
182,After Month In Red  Stocks On A Roll Despite Trade Fears As Jobs Data Loom,0,0,0
3682,Jeopardy   legend Ken Jennings says it s  inevitable  he will face off against James Holzhauer,1,1,1
2643,Famke Janssen on Sophie Turner in  Dark Phoenix  and Whether She Would Return to the  X Men  Franchise,1,0,1
2202,Brazil retailer Via Varejo launches digital bank targeting low income clients,1,1,1
3647,Tanak and Toyota dominate opening day in Portuguese rally,1,1,1
3693,Trump defies own party to push ahead with Mexican tariff threat,1,0,0
2543,Fresh Start  Charlie Puth Debuts Shaved Head After Deleting All His Instagram Photos,1,1,1
2544,This Mansion in Big Little Lies Was Also Used in Hannah Montana,1,1,1
1064,Emmanuel Macron Gets a Lesson in Capitalism,0,1,1
769,Factors Likely to Shape Dave  amp  Buster s  PLAY  Q  Earnings,0,0,0
135,Clariant recognized for risk management and sustainability achievements in procurement,1,0,1
1463,Here are the biggest analyst calls of the day  Amazon  Facebook  General Mills   more ,0,0,0
412,Colin Powell s Salesforce com Stock Investment Is Worth Millions,0,1,1
1989,The NYPD Formally Apologizes for the      Stonewall Raid  RaceAhead,1,1,1
3628,Renault sticks to      goals despite overseas sales slump,1,1,1
3470,Nissan board nominees not broaching merger issue  member,1,1,1
3097,Disney Assumes Full Control of Hulu in Comcast Deal That Values Streamer at       Billion,1,1,1
2602,Here s Why You MUST Go To  Star Wars  Galaxy s Edge  ASAP,1,1,1
1759,Spirit  SAVE  Adds Several Services to Broaden Nashville Base,1,1,1
3047,  New Netflix Shows to Binge in June       and the Best Reasons to Watch,1,1,1
2106,Funko and GameStop Need Some Healing Potions,1,1,1
1797,Buyouts  Cost Saving Efforts to Keep Hershey s Solid Show On,1,1,1
327,US tech stocks slide as Google  Facebook and Apple fear antitrust investigations,0,0,0
2151,JPMorgan to shutter its smartphone bank account a year after nationwide launch,1,1,1
633,Brazil environment agency launches operation to combat Amazon deforestation,1,1,1
3501,IBM  Cera Care to test self driving car tech in elder homes,1,1,1
2058,Here s Why You Must Hold on to Molson Coors Stock Despite Woes,1,0,0
3536,Beloved Dog Walker Killed  Along With   Dogs  When Parolee Allegedly Fleeing Police Slams Into Car,1,0,0
2848,Toy Story        Things We Learned About the Movie During Our Visit to Pixar Studios,1,1,1
3621,PRESS DIGEST  British Business   April   ,1,1,1
631,This summer movie season isn t all reboots and sequels  we swear,1,1,1
768,Tony Award Predictions   Hadestown   Cranston   Constitution   Who Will Win   And Who Should,0,1,1
3450,Fiat Chrysler and Renault pursue     billion merger to combat car industry upheaval,1,1,1
867,Best Gifts in the Father s Day Tech Sales,0,1,1
1410,AAA study finds Americans are warming to electric vehicles  but most aren t ready to buy   at least not yet,0,0,0
2358,STATELINE Food Banks Win in Trump Trade War,1,1,0
649,The Perfect Version of the X Men Happened in the    s When Marvel Was Broke,1,1,1
2107,Sixers Talk Podcast  Where were you for AI s step over ,1,1,1
531,Bella Thorne Is Happy with  Cutie Pie  Benjamin Mascolo Despite Their Long Distance Relationship,1,1,1
1249,Kyle Busch goes   for   in Truck Series in      with win at Charlotte,0,1,1
1312,Sea Limited  SE   Tollymore Investment Partners  Detailed Analysis,0,1,1
1961,Celebrate National Doughnut Day at one of San Francisco s   best doughnut shops,1,1,1
1794,Celanese to Increase Prices of Acetyl Intermediates in China,1,1,1
1334,Where Steph Curry s epic second half stands in Warriors  NBA history,0,1,1
1967,The Best  th of July Captions for Every Patriotic Photo You Post on Instagram,1,1,1
342,Fantasy Baseball Podcast  The Mets  rotation  Julio Teheran s upside and why the Twins will continue to dominate,0,1,1
1793,Deere to Bank on Construction Demand Till Agriculture Picks Up,1,1,1
3642,Alonso  Privateers  test day pace hard to understand,1,1,1
2916,The real cost of cutting the cord  What streaming companies don t want you to know,1,1,1
2713,Beyonc  Broke The Circle Of Life With Her Lion King Inspired Outfit,1,1,1
2882,Box Office   Aladdin  Taking Flight With      Million in North America,1,1,1
1902,Peter Johnson to Exit as MRC s Head of TV Development,1,1,1
538,   Legendary Ways People Struck It Rich,1,1,1
2086,The Jonas Brothers reveal reunion album Happiness Begins  Stream,1,1,1
2976,Elle Fanning Attends      Cannes Film Festival,1,1,1
658,Why the US should go after Facebook before Apple  Amazon  or Google  Tech,0,1,1
3206,Google paused its Android Q Beta   update after bricking some Pixel phones,1,1,1
2546,Level Forward Makes Splashy Tony Awards Debut With  Oklahoma    What the Constitution Means to Me ,1,1,1
879,New Huawei phones won t have Facebook  WhatsApp or Instagram pre installed  report says,0,1,1
1820,Allstate  ALL  Rides on Growth in Premiums and Acquisitions,1,1,1
2188,iOS    will effectively kill  D Touch   one of the iPhone s most underappreciated features,1,1,1
3416,BMW Opens First Mexico Plant as Trump Tariff Standoff Escalates,1,0,0
1006,Meet Bengaluru s Vijay Nishanth  India s Only Tree Doctor,0,1,1
2994,Emily VanCamp might come back to the Marvel Universe in the  Falcon and Winter Soldier  series,1,1,1
1056,This blogger says she was dropped from a press trip because of a photo with her  curvy  friend,0,1,1
1033,Eagle Eye Podcast  A Mack Hollins sighting  Joe Douglas would be a big loss,0,1,1
68,Global Behentrimonium Chloride Market        Development Strategy  Analytical Overview  Competitive Landscape and Trends by Forecast     ,0,0,0
3617,Fuji Super GT  Button Yamamoto charge to podium  Lexus wins,1,1,1
2803,Disney aims to thrill  Star Wars  fans of all kinds at U S  parks,1,1,1
2200,GM Is Planning Electric Cars That Won t Give Buyers Sticker Shock  General Motors President Says,1,1,1
3881,Google says its Digital Wellbeing software isn t affecting performance on Pixel phones,1,1,1
2608,David Tennant Can t Stop Saving the World,1,1,1
457,Animal rights activist facing felonies in Jeff Bezos protest,1,1,1
2681,Miley Cyrus Says Her  Black Mirror  Episode Is About The Exploitation Of The Music Industry,1,1,1
54,Officially recognising burnout isn t enough   if we want better wellbeing  work culture needs total transformation,0,1,1
2831,Celebrities who have welcomed new babies this year,1,1,1
1990,  Sectors Took a Nosedive in Latest Jobs Report,1,0,1
1243,Austin Dillon fastest in final Cup Series practice,0,1,1
2925,LGBTQ Representation Climbed in      Studio Films  But Trans Characters  Completely Absent ,1,1,1
1052,Tori Spelling goes makeup free in bikini photo with         castmates in Vancouver,0,1,1
721,Pivotal Software  Inc   PVTL  Q       Earnings Call Transcript,0,0,0
1185,Daimler s CEO designate will push alliances to cut costs,0,1,1
1625,Netflix is so successful  it might start running out of new US subscribers soon,1,1,1
850,Michael and Sara s Raleigh restaurant surprise,0,1,1
249,  Reasons to Exercise Extreme Caution When It Comes to iQiyi Stock,0,0,0
3691,Wilco Announce Fall Tour,1,0,0
1638,Amazon s hard to find coupon section will help you save  instantly,1,1,1
1879,This Awesome Outdoor TV Is Totally Weatherproof  and it Works in Full Sun,1,1,1
665,Cramer Says He Understands The Case For Breaking Up Big Tech,1,1,1
3679,Everything You Need to Know about the    Hours of Le Mans Race,1,1,1
681,  Smart ETFs to Invest in the E Commerce Revolution,0,1,1
3460,Fiat Renault Mega Merger Is Born of Desperation,1,1,1
2986,Disneyland Has Mickey Mouse Shaped Egg Yolk  But HOW ,1,1,1
3904,Hey  Enthusiasts  The Toyota Supra is the BMW Sports Car You ve Been Asking For ,1,1,1
725,Mrs Hinch  Cleaning social media influencer under investigation by advertising watchdog,1,1,1
3202,Google Warns White House of Security Risks From Huawei Ban  FT,1,1,1
38,Stocks   S amp P     Makes a Late Surge as Trade Tensions Ease,0,0,0
111,  Stocks That Could Be the Next Amazon,0,0,0
3671,Car sharing companies use these tactics and more to rent your Corolla,1,0,1
1714,Sanders crashes Walmart meeting  blasts  starvation wages ,1,1,1
2601,TV Review  Black Mirror s Fifth Season Takes a Softer Edged Look at Technology,1,1,1
2067,TELUS to Invest     M in Prince George to Boost Connectivity,1,1,1
2351,The Best Gifts for      Graduates,1,1,1
1590,Exclusive  FedEx to hire     flexible rural and residential drivers,1,1,1
1514,FedEx Express cuts ties with Amazon for domestic deliveries as experts expected,1,1,1
396,  Reasons to Buy Nvidia Stock,0,0,0
196,Why Apple Stock Dropped     in May,0,0,0
1720,HBO s  Chernobyl  Is Now the Top Ranked TV Show of All Time,1,1,1
2251,These Are the    Absolute Weirdest Delivery Requests  According to Uber Eats,1,1,1
107,Stocks   Wall Street Rises on Hope that Fed May Cut Rates,0,0,0
1025,US gears up for antitrust battles with Big Tech,0,1,1
2169,Why Atlantic Canada offers bargains for cottage buyers,1,1,1
1352,Kevin Durant taunted by fan relentlessly chanting  New York Knicks  during Warriors Rockets game,0,0,1
3276,Miley Cyrus sings reworked Nine Inch Nails songs in Black Mirror Series  ,1,1,1
2813,I won t be silenced   How the new Jasmine is breaking ground in  Aladdin ,1,1,1
1276,Head to Head  Kyle versus Kurt Busch,0,0,1
546,Edited Transcript of VMW earnings conference call or presentation    May        pm GMT,1,0,0
1814,Microsoft  Oracle team up on cloud services in jab at Amazon,1,1,1
314,The Best Stocks to Avoid the Coming Retirement Crisis,0,0,0
459,Covenant Promotes Trio Of Young Executives,1,1,1
1519,HBO s  Chernobyl  has Instagram influencers flocking to the site of the disaster,1,1,1
1413,Harden still dealing with eye injury  will play in Game  ,0,0,1
2499,Jonas Brothers review  Happiness Begins  The pop comeback of the year,1,1,1
2138,Tornado outbreaks a reminder to make smartphones disaster ready,1,1,1
139,Here s Why You Should Retain Matador Resources  MTDR  Stock,0,0,0
1550,Here s Why Beyond Meat Rose as Much as       Today,1,1,1
3090,Jimmy Kimmel Ruthlessly Roasts ABC And Rest Of TV At Upfronts,1,1,1
632,Bear Of The Day  Vista Outdoor Inc   VSTO ,0,0,1
43,Hideki Matsuyama commits to play in  M Open,0,0,1
1495,Amazon Shoppers Are Obsessed With This Air Fryer And It s     Off Right Now,1,1,1
3311,Google Cloud s extended outage was a big headache for small stores,1,1,1
2614,Why I Don t Support Hysterectomies for Girls With Disabilities,1,1,1
808,US STOCKS Wall St set to open higher after Bullard boosts rate cut hopes,0,0,0
2746,Here s Why    Billion on   Star Wars Lands Is a Good Deal for DIS Stock,1,0,0
1601,Vitamix smart blenders are on sale on Amazon   save up to    ,1,1,1
3601,Frijns is Formula E s eighth different winner in eight races,1,1,1
1232,Edmunds  This summer s best car deals are used cars,0,0,0
1229,Abe to Charm Trump With Sumo and Warships as Trade Clash Looms,0,1,1
1180,UPDATE   Trump declares some auto imports pose national security threat,0,0,0
1992,The Ones  Roddy Ricch s  Out Tha Mud ,1,1,1
2304,Eduardo Costantini  the billionaire who hunts down top LatAm art,1,1,1
3894,BASF invests in Chinese advanced materials fund,1,1,1
74,Dow Jones Industrial Average Rises as Trump Predicts Quick Tariff Deal,0,0,0
3187,  Reasons Star Wars  Galaxy s Edge Had Better Be Great,1,1,1
1442,Global Silane Market Top Player        Evonik Industries  Shin Etsu Chemical  Momentive Performance Materials ,0,0,0
3511,Motor racing  Vergne wins in Monaco to take Formula E lead,1,1,1
265,Jenni  JWoww  Farley and Boyfriend Zack Clayton Carpinello on How She Introduced Him to Her Kids  Exclusive ,0,1,1
2957,World Makes Way For Prince Ali As Disney s Live Action  Aladdin  Wishes Upon     M  Global Start,1,1,1
3929,Judge questions secrecy in Chemours lawsuit against DuPont,1,1,1
989,Special coupon gets you the wireless camera that lets your smartphone see anywhere for just    ,0,1,1
111,Amazon could surge     with AWS worth more than      billion  analyst says,1,1,1
180,Owning Qualcomm  QCOM  Stock Should Be Worth the Noise  Says Morgan Stanley,0,0,0
1270,Bike to Work Week  Are e bikes the answer to health  traffic and environmental issues ,0,1,1
1399,Trump Delays EU  Japan Auto Tariffs for     Days for Talks,0,0,0
266,   Blue Chip Stocks to Buy on the Next Dip,0,0,0
372,The EV Truck Race Is a Real Problem for Investors Considering GM Stock,0,0,0
2082,American Water s  AWK  Arm to Invest     M in Water Storage,1,1,1
99,Faster new Toyota Racing Series car breaks cover,1,1,1
2940,TV Streaming Shakeout Is Coming,1,1,1
3305,GOOGLE FACES COMPLAINTS TO DATA PROTECTON REGULATORS IN FRANCE  GERMANY AND SEVEN OTHER EU COUNTRIES   ,1,1,1
219,Visa Stock Got an Overweight Rating for Some Very Good Reasons,0,0,0
2574,Jumanji  video game breaks cover before E      ,1,1,1
3146,The Orville Renewed for Season  ,1,1,1
2156,How To Have Period Sex That Doesn t Look Like A Crime Scene,1,1,1
3763,Trump Hails Japan Ties in Visit Papering Over Cracks With Ally,1,1,1
2627,Advncr Expands to U S  With Video Game Industry Vets Wade Beckett  Blair Herter,1,1,1
1437,Martin Truex Jr  rebounds from pre race penalty to dominate at Dover,0,0,0
1963,Gwyneth Paltrow Admits She Has a  Fortnite  and  Chicken Nuggets  Problem with Her Son Moses    ,1,1,1
1628,The Bose soundbar everyone goes nuts over is cheaper right now than it was on Black Friday,1,1,1
1823,Koninklijke Philips Sees Hammer Chart Pattern  Time to Buy ,1,1,1
351,StockBeat  Renault Left Exposed as Fiat Balks at French State Meddling,0,1,1
50,Google asks Android developers to categorize apps based on content and target age,1,1,1
2898,Aladdin conjures up HUGE opening weekend at US box office,1,1,1
62,Why Streaming TV Firm Roku Stock Looks Like a Buy at New Highs,0,0,1
80,BASF enables high purity water treatment membranes,1,1,1
3743,Rare Earth Metal ETF to Surge on Chinese Export Ban,1,1,1
1279,The Millennial s Guide To Buying A Car,0,1,0
3739,Gasoline  TVs  Cars  The Surprising Things Rare Earths Help Make,1,1,1
3803,Ford revs up to sell hybrids with appeal of speed and power,1,1,1
2237,Looking to Tech For Cash Flow,1,1,1
1154,Turo revved up about future IPO after Uber and Lyft disappoint,0,1,1
1586,   Amazon Video features you may not know about,1,1,1
1818,  ETFs for June,1,1,1
1329,Tanak buries back to back misery in Chile as Ogier takes championship lead,0,0,0
251,  Spinoff Stocks Worth Your Attention,0,0,0
1644,Bernie Sanders  proposals will kill economic growth  Fmr  CKE Restaurants CEO Andy Puzder,1,1,1
1311,Kevin Durant FaceTimed Bob Myers before Warriors Rockets Game   ended,0,0,1
24,Evonik Showcases Innovation Through Unique Products  New Market Concept,1,1,1
900,MongoDB  MDB  Q  Loss Narrows  Revenues Up on Atlas Growth,0,0,0
3586,Tesla drivers have the highest credit scores  study says,1,1,1
939,   hours of music from Radiohead s OK Computer sessions have leaked online,0,1,1
3427,After Hours  Fiat Chrysler Drives Away  and Facebook s Cryptocurrency Rumor,1,1,1
512,A Week In Washington  D C   On A         Salary,1,1,1
1663,Amazon and Walmart Could Face the Music as PM Modi Begins His Second Term,1,1,1
1863, Comfortable  and  perfect   Why men are obsessed with these     best selling swim trunks,1,1,1
1932,Woody Allen to Begin Filming New Movie This Summer,1,1,1
1929,We Just Found Out If Aunt Lydia From  Handmaid s Tale  Is Dead or Alive,1,1,1
132,Global Activated Clay Market is Booming Worldwide   Clariant  Taiko Group  BASF  APL Amcol Ashapura Group   Musim Mas,0,0,0
664,Queer Eye  star Tan France writes about bleaching his skin at    and overcoming insecurity,1,1,1
3793,Toyota  UTokyo and Trende to Test Blockchain Based Electricity Trading System,1,1,1
2007,Azul Posts Solid May Traffic Data on High Domestic Demand,1,1,1
8,Scouted  Save     On Top Rated Dehumidifiers During Amazon s Day Long Sale,0,1,1
2827,Disney s  Aladdin  woos North America box office,1,1,1
3551,Considering a New Civic  Buy This Perfectly Customized      Civic Wagon Instead,1,1,1
3239, Smart home  gadgets are probably spying on you  scientists warn,1,1,1
662,Gaming Megastars PewDiePie  Ninja Team For  Friday Fortnite   Could Break Twitch Streaming Record,0,1,1
1976,This Watermelon Wedger Will Slice Your Fruit Into    Perfect Pieces,1,1,1
2760,Major Media Companies Threaten to Pull Production in States With Anti Abortion Laws,1,1,1
859,Sex strike  call over Georgia abortion law fuels Hollywood boycott debate,0,1,1
306,Hollywood Vampires unveil cover of David Bowie s  Heroes  featuring Johnny Depp on lead vocals  Stream,0,1,1
3189,Google walkout organizer quits  citing retaliation fear,1,1,1
340,Apple Stock Drops as WWDC Gets Upstaged by Report of a Possible Antitrust Probe,0,0,0
2998,The Most Affordable Downtowns To Live In Across America,1,1,1
2203,Explainer  U S  China trade war   the levers they can pull,1,1,1
1897,A Week In Austin  TX  On A Joint          Income,1,1,1
485,Best Humidifiers for Your Baby s Nursery,1,1,1
2886,Everything to Stream on Netflix This June,1,1,1
1578,Daniel Dae Kim Sets Amazon First Look Deal,1,1,1
2405,See what the IHS Markit Score report has to say about Apple Hospitality REIT Inc ,1,1,1
2792,Here Are The Companies Threatening To Leave Georgia Over Its New Abortion Law,1,1,1
1380,Uber prices IPO at     per share  toward the low end of range,0,0,1
3354,Apple Falls As Justice Department Given Jurisdiction For Possible Antitrust Probe,1,1,1
2152,You Can Stream Music from the Fake Band in Always Be My Maybe   Including That Keanu Reeves Rap,1,1,1
178,Stocks   Wall Street Rallies on Hopes for Lower Rates  Easing Trade Tensions,0,0,0
3137,Start Media Reignites Jonathan Stroud Fantasy Series  The Bartimaeus Sequence ,1,1,1
495,Kate Spade s Husband Posts Heartbreaking Tribute on   Year Anniversary of Her Death,1,1,1
129,DuPont to Shed Sustainability Units in Post Split Profit Quest,1,1,1
2839,The Winners and Losers of Game of Thrones Last Season,1,1,1
2603,The Miley Cyrus  Black Mirror  episode is Hannah Montana gone mad,1,1,1
2562,Michael Fassbender And James McAvoy Aren t Even Thinking About Joining The Rest Of The MCU,1,1,1
3028,Daniel Loeb s Top   Buys in  st Quarter,1,1,1
2519,Former Mousketeer Dennis Day Identified as Body Found in His Oregon Home,1,1,1
3670,Dave Roberts manages Dodgers but honed his craft with Bruce Bochy  Giants,1,1,1
1828,The TJX Companies Sees Hammer Chart Pattern  Time to Buy ,1,1,1
3373,Renault s Board Weighs Fiat Deal Despite Nissan s Foot Dragging,1,1,1
3630,BACKSTORY Covering the Carlos Ghosn saga  Japanese  burasagari  and a bit of luck,1,1,1
2857,You ll Never Guess What Henry The Service Dog Did On His Trip To Disney World,1,1,1
3783,Coca Cola     results,1,1,1
311,  Best Performing Tech Stocks So Far This Year,0,0,0
116,  Unknown but Amazing Dividend Stocks,0,0,0
1446,New Hampshire sues  M  Dupont  other chemical companies ,0,1,1
605,The Zacks Analyst Blog Highlights  Alphabet  Amazon and IBM,0,0,1
1615,Amazon s New Drones to Boost E commerce Delivery Abilities,1,1,1
449,Best Smart Speakers With Alexa  Siri  and Google Assistant,1,1,1
2193,MLB Podcast  Re doing our MLB predictions  weird nicknames  amp  MLB Draft takes,1,1,1
82,International Flavors  amp  Fragrances Buys     Stake in Wiberg,0,1,1
15,US stock market notches best week since late November,0,0,0
3076,Disney Got the Better End of Its Hulu Deal With Comcast,1,1,1
697,Chasing Happiness  review  the Jonas Brothers reunite to contemplate life  regrets and being very   ,1,1,1
644,Edited Transcript of GBG L earnings conference call or presentation   Jun        am GMT,1,0,0
3755,Preliminary entry lists for Cup  Xfinity at Pocono,1,1,1
621,Market Morning  US Tanks to Taiwan  Alexa Improvements  Fiat Fires Renault  Trump Taunts Mexico,0,1,0
2507, Dark Phoenix  Flaps To    M In China Through Friday  Full Overseas Weekend Still Flying Low,1,1,1
1216,Roundtable  Is All Star win a turning point for Kyle Larson ,0,1,1
3275,Buy a Nest thermostat  get a free Google Home Mini at Walmart,1,1,1
876,Choose from This Slew of Great Side Hustles to Earn Extra Cash,0,1,1
1613,Microsoft  MSFT  Ups Ante in Cloud With Oracle Partnership,1,1,1
3681,Can t Afford A Supra  Get A Soarer With That Unbeatable  JZ Instead,1,1,1
626,Beyond Meat s home in the meat aisle sparks food fight,1,1,1
2918, Sydney To The Max  Renewed For Season   On Disney Channel,1,1,1
745,San Sebastian Film Festival  Delighted  Woody Allen Is Setting His New Movie at the Event,1,1,1
155,Kirkland s  KIRK  Stock Down on Q  Loss  Sales Lag Estimates,0,0,0
2261,Private jetsetters name Restaurant de l H tel de Ville world s best restaurant,1,0,1
1516,FedEx to not renew FedEx Express domestic contract with Amazon,1,1,1
1746,U S  antitrust probe to be credit negative for Google   Moody s,1,1,1
3390,FCA Renault merger collapse a blow for Goldman and its alumni network  sources,1,1,1
1263,Edited Transcript of MNR earnings conference call or presentation    May        pm GMT,0,0,0
1029,Why Palo Alto Networks Is Gobbling Up Smaller Cybersecurity Companies,0,1,1
3903,Toyota Motor Corp   A Good Company In A Slowing Industry,1,1,1
638,Alexa gets smarter about combining AI skills  starting with dinner and a movie,1,1,1
3527,AF Corse to return to LMP  in         WEC,1,0,1
883,Chicago couple says they were  poisoned  at same Dominican resort where   Americans died,0,0,1
1666,Scouted  Get TRX s Top Rated  Perfect Home Fitness Solution for      Today on Amazon,1,1,1
643,GOP lawmakers divided on House antitrust tech probe,1,0,1
273,Mere Competition Can t Disrupt Netflix Stock,0,0,0
329,UPDATE   Alphabet shares slide    on possible DoJ antitrust probe,0,0,1
1357,Mike Suggett Named Head of Programming and Development for MotorTrend Group,0,1,1
1469,Know about Ammonium Polyphosphate  Phase II  Market Influencing Factors by Top Companies like Clariant  ICL Performance Products  Oceanchem Group  Pantech Chemicals  JLS Chemical  Shifang Changfeng Chemical ,0,1,1
1133,Edited Transcript of HDRAU earnings conference call or presentation    May        pm GMT,0,0,0
673, Dark Phoenix  To Rise Above  Secret Life Of Pets    In     M  Global Debut,1,1,1
2173,Tennis Podcast  Andrei Medvedev Interview      years since reaching the Roland Garros final,1,1,1
1356,Let s Go Places  Like the Back Seat,0,1,1
3414,Toyota  Subaru team up to develop electric SUV in battle against costs,1,1,1
2532,Harper s Bazaar Gets Into Men s With Jonas Brothers Digital Cover,1,1,1
894,Can A Sexless Marriage Survive  We Asked The Experts,0,1,1
3095,How Dax Shepard and Wife Kristen Bell Are Teaching Their Kids Balance  Exclusive ,1,1,1
1744,The Feds Are Talking About Breaking Up Tech Giants  How Would That Affect Consumers ,1,1,1
607,The Zacks Analyst Blog Highlights  GLD  BTAL  REZ  EWZ and OUSA,0,0,0
2743, Spider Man  Far From Home  Will Swing Into China Ahead Of U S ,1,1,0
1696,Amazon Unveils Futuristic Helicopter Plane Hybrid Drone for Deliveries,1,1,1
469,Here s What Hedge Funds Think About Exelon Corporation  EXC ,0,0,1
221,Samsung seeks bigger share of Indian market with new line of high end TVs,0,1,1
2657,Jussie Smollett  Will Not  Return for  Empire  Final Season  Lee Daniels Says,1,1,1
1937,Apple s Rumored Drive ai Buyout to Aid Driverless Car Project,1,1,1
1432,Weekend preview  JJ looks to recapture magic at Dover,0,1,1
2695,Godzilla  Loses Teeth With    M Opening  But Counter Programming Excels For First Time This Summer With  Rocketman   amp   Ma ,1,0,0
433,Apple Watches  LG  K TVs  Remington beard trimmers  Philips electric toothbrushes  and more on sale   ,0,1,1
30,Lenovo lays off     workers  including jobs in RTP  Morrisville,1,1,1
1941,Apple Store designer submits plans to redevelop Notre Dame with glass roof and spire,1,1,1
3358,Apple Just Previewed Its First Apple TV Plus Show  Here s The Trailer,1,1,1
3704,Alice Cooper announces fall      US tour  promises new music  soon ,1,1,1
896,If you can give up your smartphone for a week  this company will pay you       ,0,1,1
2093,Google s challenge to game consoles to kick off in November,1,1,1
3892,BASF ranks    on list of DiversityInc Top    Companies,1,1,1
2718,Box Office   Godzilla  King of the Monsters  debuts with mediocre     million,1,1,1
3327,Lenovo s New Smart Clock Avoids Certain Technologies  So You Can Sleep Better,1,1,1
148,Can Value Investors Pick American Financial  AFG  Stock Now ,0,0,0
441,The TVLine Performer of the Week  When They See Us  Jharrel Jerome,1,1,1
2666,  Spinoff Stocks Worth Your Attention,1,0,0
1117,Equities Rebound  Bond Yields Rise  Trade Rhetoric Intensifies,0,1,1
1894,US antitrust hammer for Big Tech  what happens next ,1,1,1
3824,For Toyota  Cruise Control Isn t Fast Enough,1,1,1
2963,How will HBO fill the void left by  Game of Thrones  ,1,1,1
2883,Blockchain Disruption Reaches Hollywood amid Startup s     M Funding,1,1,1
1630,HBO Faces Hard Questions in Post  Game of Thrones  Streaming Market,1,1,0
984,Here is the Most Popular Company Among Hedge Funds,0,0,1
2955,Will Smith s  Aladdin  Premiere Transforms Hollywood Into One Big Arabian Night,1,1,1
2411,This compact Bose sound bar everyone loves just dropped to          a new all time low,1,1,1
2278,Apple and Google App Store Dominance Gives DOJ Antitrust Fodder,1,1,1
1136,Trump urges greater Japanese investment in U S   criticises trade advantage,0,0,0
630,What to Watch on Thursday  Younger stars fight it out on Lip Sync Battle,1,1,1
1411,Rockets  James Harden Says He Can See a  Bit Better  After Suffering Lacerated Eyelid in Game  ,0,0,1
1907,Grace Kelly s    Year Old Granddaughter Is About to Channel Her Onscreen,1,1,1
1548,Blackstone Plans      Billion European Urban Warehouse Unit,1,1,1
1277,U S  to take  fresh look  at opening automakers  key spectrum band,0,0,1
1486,FedEx s Express Unit Ends Relationship With Amazon,1,1,1
2592,Holy comfortable       stylish summer sneakers that are comfy  too,1,1,1
3008,Aladdin   Naomi Scott explains why Princess Jasmine s story has been updated for     ,1,1,1
2762,AMC Will  Reevaluate Our Activity in Georgia  If Abortion Law Goes Into Effect,1,1,1
49,Why Is  M  MMM  Down       Since Last Earnings Report ,0,0,0
3770,Trump urges fairer trade with Japan at start of state visit,1,1,0
2030,Eastman Chemical to Boost Impera Performance Resin Production,1,1,1
2873,  Must See Quotes From Roku Management,1,1,1
3698,Automakers say Trump s threatened Mexico tariffs would cost billions,1,0,1
3025,Eurovision       A guide to songs in the final  favourites to win  and latest betting odds,1,1,1
1522,PlayStation Days of Play sale slashes prices on a bunch of the best PS  games,1,1,1
3519,Nissan earnings slide fuels Renault deal pressure,1,0,0
2586,Miley Cyrus Speaks Out After She s Forcibly Grabbed and Kissed by Man in Barcelona,1,1,1
2371,Investors Appear To Relax A Little On Encouraging News On China  Mexico Trade Fronts,1,0,0
113,Black Mirror  Rachel  Jack and Ashley Too  review  Miley Cyrus shines in a prescient  if vague  story with echoes of  Free Britney ,0,1,1
2096,Smirnoff Just Released a Bunch of New Ros  Inspired Spiked Seltzers,1,1,1
3271,YouTube reversal bans Holocaust hoaxers  stops pay for borderline creators,1,1,1
2174,Reese Witherspoon s Drastic New Cut Will Make You Want To Chop Off All Your Hair,1,1,1
3252,LGBTQ Influencers Criticize YouTube After Homophobic Videos Are Allowed to Stay,1,1,1
738,     Looks Like a Ceiling on Microsoft Stock,1,0,0
2539,Hollywood s Georgia Abortion Conundrum  Boycott Or Court Battle ,1,1,1
1567,Flywheel Hopes to Leave Peloton s Claims of Patent Infringement in the Dust,1,1,1
3941,A smaller Samsung Galaxy Home leaks through FCC filings,1,1,1
544,Huawei Strikes a  G Deal in Russia as the Chinese Tech Giant Remains on U S  Blacklist,1,1,1
2769,The Mysterious Note Walt Disney Left Behind Before He Died,1,1,1
369,Europe shares extend losses after China announces tariff hikes on US goods  German DAX down     ,0,0,1
1196,Turmoil Makes the Search for Yield More Relevant,0,1,1
1313,Jonas Brothers announce    date North American reunion tour  Updated ,0,1,1
874,Judas Priest s Rob Halford   A straight man can t do my job ,0,1,1
2664,Billie Eilish Allegedly Doesn t Know Who Hilary Duff Is,1,1,1
1205,US companies are in line of fire of tariffs aimed at Mexico,0,1,1
37,Will Lenovo s Foldable Laptop Fly or Flop ,1,1,1
1274,   Grab,0,1,1
1364,Results  standings after the Digital Ally     at Kansas,0,1,1
2974,Priyanka Chopra Looked Like a Literal Bride During Her Cannes Debut with Nick Jonas,1,1,1
3066,Greek Artist Turns Movie Posters Into Breathtaking Paintings,1,1,1
563,These Amazing Father s Day Sales Are Perfect for Procrastinators,1,1,1
3637,Toyota  Subaru team up to develop electric SUV in battle against costs,1,1,1
3573,New Ford Ranger Sales Eclipsed by    Year Old Nissan Frontier,1,1,1
1691,AMAZON COM CONSUMER CEO SAYS MOST SUBSTANTIAL ENTITIES IN ECONOMY DESERVE SCRUTINY  IN RESPONSE TO   ,1,1,1
906,Who is Mark Stevens  Warriors minority owner banned from NBA for year ,0,1,1
3344,A fundamental human right   Apple doubles down on privacy at big developers conference,1,1,1
716,Cheap Alternatives When You Can t Afford an Iconic Vacation,1,1,1
2002,Google Stadia  the compatible phones,1,1,1
2471,Dove Cameron  amp  More Disney Stars Answer Burning Questions,1,1,1
1213,Ginetta set for return to WEC in        ,0,0,1
380,Stocks making the biggest moves premarket  Dick s Sporting Goods  Boeing  Uber  Workday  amp  more,0,0,0
1597,Bose SoundLink Revolve Bluetooth speaker is     off at Amazon,1,1,1
2502,How the Jonas Brothers Grew Up and Got Cool,1,1,1
3858,LG Chem sues SK Innovation,1,1,1
390,AutoNation  AN  Up      Since Last Earnings Report  Can It Continue ,0,0,0
2659,Stacey Abrams Urges Hollywood To  Stay And Fight  Georgia Abortion Law,1,1,1
147,Samsung Eyes Smartphone Sales Growth In India,1,1,1
2413,Backstory   Glorious and heartbreaking    D Day as lived by a Reuters correspondent,1,1,1
3542,Children Can Die When Left in the Back Seat on a Warm Day and     Already Have,1,1,1
65,Robert Downey Jr  Is a Real Life Superhero  Actors Reveals Plan to Save Planet Using Nanotech,0,1,1
34,Is Lululemon Stock Too Risky to Bet On Before Earnings ,0,0,0
1450,See what the IHS Markit Score report has to say about  M Co ,0,0,0
2516, Ad Astra  Trailer  Brad Pitt and James Gray Blast Off in Ambitious Space Epic,1,1,1
2230,Paris town hall apologises to parents for  outrage  of serving children pre packaged sandwiches,1,0,1
1610,Walmart Exec  In order to thrive globally  you have to think locally,1,1,1
494,AMC To Adapt Mona Awad s  Bunny  Novel For TV  Megan Mostyn Brown To Pen Pilot,1,1,1
3741,Japan law loosens rules for self driving cars,1,0,1
127,Mark Stevens is Banned  But Here are the Other Tech Titans You May See Courtside on the Warriors   Billionaire s Row ,0,1,1
3584,Fuji Super GT  Lexus beats Nissan in thrilling duel,1,1,1
1738, Transparent  Season   First Trailer  Maura Is Dead in Musical Finale,1,1,1
739,Brown Forman  BF B  Tops Q  Earnings Estimates  Sales Lag,0,0,0
2102,Cocaine confession  Michael Gove accused of  rank hypocrisy ,1,1,1
905,Beyond Meat Q  Preview  Prolific Growth or Just a Pipe Dream ,0,0,0
2924,Kendall Jenner and Ben Simmons Have Reportedly Broken Up  for Now ,1,1,1
1491,Thousands of Amazon Shoppers Are Obsessed With This Travel Pillow   and It s Now Available for Kids,1,1,1
2652,  Reasons to Exercise Extreme Caution When It Comes to iQiyi Stock,1,0,0
710,  best shoes for CrossFit training,1,1,1
2177,Album reviews  Aurora   A Different Kind of Human  and Perry Farrell   Kind Heaven,1,1,1
1314,Harvick leads Stewart Haas sweep of Kansas qualifying,0,1,1
3544,European stocks regain ground  hoping for smoother U S  China trade,1,0,0
753,Watch the  Pokemon Sword and Shield  Direct live stream right here at  AM,1,1,1
1686,Who Owns India s Top Streaming Service  Would You Believe Disney ,1,1,1
827,A Hated Wall Street Strategy Helps This    Year Old Fund Beat the Market,0,0,0
1544,For Unlimited Disney Content  Disney  Is Relatively Affordable,1,1,1
144,Top Ranked Value Stocks to Buy for June  th,0,0,0
3324,Everything Apple Announced at WWDC     ,1,1,1
682,France to propose new tax on flights in Europe,1,1,1
2211,How to Grow a Dwarf Fruit Tree,1,1,1
1856,Samsung celebrates    years of Galaxy phones with deals and promotions,1,1,1
680,Summer s Most Breathable White Sheet Sets   According To Super Cool Sleepers,1,1,1
3012,Here s What Fans to Say About That  Game of Thrones  Ending,1,1,1
2933,After Hosting  Aladdin   Star Wars  and  Dune  Jordan Ups Production Rebates  EXCLUSIVE ,1,1,1
3082,Avengers  Endgame directors hint Loki series could feature Captain America,1,1,1
2323,UPDATE   EU to focus on trade tensions at G    seek tax on digital firms  document,1,1,1
3769,J D  Power s China backed owner puts company up for sale  sources,1,0,0
1846,Bernie Sanders to push for     hour minimum wage at Walmart shareholder meeting,1,1,1
2869, Aladdin  Live Action Remake Steals    Million at Thursday Box Office,1,1,1
453,Get         Amex Platinum points with this exclusive offer,1,1,1
1933,Today only  This popular Ninja air fryer is on sale   and we ve never seen the price this low,1,0,1
2104,Eventbrite Honors Pride Month With a Burlesque Show at Company Event,1,0,1
3023,Facial recognition is making its way to cruise ships,1,1,1
3818,With the      GR Supra  Toyota Gets In Touch With Its Fun Side,1,1,1
1379,Talking Cars      We Answer Your Questions on All Weather Tires  Wheel Sizes  and Oil Changes,0,1,1
3714,Preliminary entry lists for Cup and Xfinity at Michigan  Trucks at Texas,1,1,1
1562,The Obamas Signed With Spotify to Distribute New Podcasts From Higher Ground,1,1,1
711,Filming on Julian Fellowes s New Period Drama  Belgravia  Will Begin This Summer in Scotland,1,1,1
2473,Disney Leads Donors to Women in Animation s New Global Fund to Promote Parity,1,1,1
3817,Tesla Model   review,1,1,1
1340,Keselowski s winning No    entry clears post race inspection at Kansas,0,1,1
1734,AMAZON CONSUMER CEO SAYS COMPANY BUILDING FULLY ELECTRIC DELIVERY DRONES,1,1,1
927,China grants  G licences for commercial use,0,0,1
216,Stock Market News For Jun        ,0,0,0
1698,   Classic HBO Shows You Can Watch With Amazon Prime,1,1,1
3006, Game of Thrones  is the defining pop cultural experience of the millennial generation,1,1,1
1255,How Fast These    Popular Cars Will Depreciate Over the Years,0,1,1
1192,Asian Markets Rise  Trump Urges Fed to Cut Rate to Win Trade War,0,0,0
112,At Amazon s re MARS fest  Iron Man actor Robert Downey Jr  unveils campaign to clean up the planet,0,1,1
2682,  Entertainment Stocks That Can Weather a Market Storm,1,0,0
3130,Black Widow had a truly heartbreaking storyline that was dropped from  Avengers  Endgame ,1,1,1
2887,Does Disney s Live Action  Aladdin  Remake Have a Post Credits Scene ,1,1,1
300,ABC Fall         Schedule  Very Few Changes   The Rookie  Moves To Sunday   American Housewife  To Friday,0,1,1
179,Dow Jones Today  Strong Moves From a Battered Sector,0,0,1
3914,Salesforce tackling bias in AI with new Trailhead module,1,1,1
2922,Why Dark Phoenix is tracking to make lowest X Men box office debut yet,1,1,1
296,First trailer for  Maleficent  Mistress of Evil  pits Angelina Jolie against Michelle Pfeiffer  Watch,0,1,1
1803,     Democrats have a lot of ideas for Walmart,1,1,1
2089,James Corden Struggled to Book  Carpool Karaoke  Guests   We Couldn t Get Anybody    Video ,1,1,1
1523,Forget the porch  Walmart will deliver groceries right to your fridge starting this fall,1,1,1
3833,Toyota says Trump s latest tariff threat shows Japanese investments in US are  not welcomed ,1,1,0
1665,Amazon Reveals Its Latest Delivery Drone Design,1,1,1
1923,How to Watch the New Season of  The Handmaid s Tale  for Free  Even if You Don t Have Hulu,1,1,1
3829,How Much Is an Idea Worth  In Uber s Case       Billion,1,1,1
3808,The      Toyota Supra Is an Uncompromising Tour de Force,1,1,1
1336,The Latest  Keselowski wins Cup Series race at Kansas,0,0,1
1712,How do Amazon Go stores work ,1,1,1
1766,The best Amazon basin cruises to book now,1,1,1
908,The Surveillance Threat Is Not What Orwell Imagined,0,1,1
268, Aladdin  Sings a New Tune  How Will Smith  Alan Menken and Pasek  amp  Paul Updated a Beloved Song Score,0,1,1
76,Dow Jones Industrial Average Drops as Recession Fears Grow,0,0,0
2937,Disney s Latest Merchandise Is Entirely Avocado Themed,1,1,1
2311,  Exciting Announcements from IKEA s Democratic Design Days,1,1,1
3085,Latest Disney Layoffs Cut Execs In Fox s Film Unit  amp  More   Update,1,1,1
1129,GLOBAL MARKETS Asian shares follow Europe higher on EU relief  auto merger,0,0,0
3641,Hartley  Toyota drive no barrier to Porsche FE seat,1,1,1
3337,Best of iOS     The    most exciting new features coming to your iPhone and iPad,1,1,1
1003,Can a radical overhaul of this Scottish port make it the UK s top cruise hub ,0,1,1
2915,Chrissy Teigen will star in short form Judge Judy  style series Chrissy s Court,1,1,1
13,LG Chem says it has won EV battery supply deal with Volvo Cars,1,1,1
617,Popular Alexa enabled smart plugs are somehow under    each today,1,1,1
2705, Ford v  Ferrari  Trailer  Matt Damon  Christian Bale Unite to Build Revolutionary Car,1,1,1
1559,UK s Hammond takes case for digital sales tax to G   meeting in Japan,1,1,1
1896,A Week In Austin  TX  On A Joint          Income,1,1,1
2032,Take Buffett s Advice    Vanguard Funds to Buy,1,1,0
1468,Global Activated Clay Market is Booming Worldwide   Clariant  Taiko Group  BASF  APL Amcol Ashapura Group   Musim Mas ,0,0,0
3315,Factbox  Apple software developer conference highlights     ,1,1,1
1507,  Ridiculous Tiny Houses For Sale on Amazon,1,1,1
1943,This Apple iPad   is on mega sale,1,1,1
1981,New mom Mindy Kaling s advice to career driven women who want to be mothers,1,1,1
3587,Report  More Than         Defective Airbags Remain Unrepaired In Arizona,1,1,1
29,Coil Coating Additives Market      SWOT Analysis by Players  Evonik Industries  BYK  Elementis PLC  DOW,0,0,0
1617,Walmart s CEO Asks Congress to Boost Federal Minimum Wage Amid Criticism for Its Own Pay Policies,1,1,1
303,Roku Stock  Headed to      ,0,0,0
2849,The iPod Touch Is Back and It Costs Less Than     ,1,1,1
2349,UPDATE   Brazil telecom Oi adds mobile customers as it expands    G coverage,1,1,1
440,These Genius Flip Flops Actually Support Your Feet,1,1,1
2749,Kitsch and confidence at Huawei HQ despite US pressure,1,1,1
173,Join the eSports Craze With These Stocks,0,0,0
3488,RPT FOCUS Nissan faces long  rocky road to cut U S  discounts  rental sales,1,1,1
962,Fallen Money Manager Turns to YouTube to Explain Losses and Stranded Cash,0,0,1
623,Should We Grade Lady Movies on a Curve ,1,1,1
1689,Amazon exec says company welcomes scrutiny of big tech,1,1,1
2879,Box Office   Aladdin  taking flight with      million in North America,1,1,1
3443,Fiat Chrysler Gains    Amid Merger Talks With Renault,1,1,1
231,Sony Dates Camila Cabello s  Cinderella   Kevin Hart s  Fatherhood    Uncharted   amp  Pushes Back  Escape Room   ,0,1,1
3790,Term Sheet    Tuesday May   ,1,1,1
3148,It s Angelina Jolie vs  Michelle Pfeiffer in teaser trailer for Maleficent  Mistress of Evil,1,1,1
417,Corteva Agriscience Set to Incorporate DuPont  Dow Groups ,0,1,1
3220,Google flags U S  national security risks from Huawei ban   FT,1,1,1
3792,Trump s red carpet visit gives Japan brief reprieve on trade  pressure stays,1,0,0
708,Watch Dogs Legion news  trailers  release date and everything you need to know,1,1,1
3312,Apple WWDC       All the Biggest Announcements,1,1,1
2884,The Cannes Red Carpet Tried to Go Edgy  but Fairytale Glamour Always Wins,1,1,1
3547,Hit with arrest of ex chair Ghosn  Nissan profit nose dives,1,1,1
2097,  paid iPhone apps you can download for free on June  th,1,1,1
2571,Amber Gray Of  Hadestown   A Star s Meteoric Rise Was Years In The Making   Tony Watch Q amp A,1,1,1
3649,Hybridization of NASCAR cars not expected by       Toyota executive says,1,1,1
1244,Monster Energy NASCAR All Star Race qualifying order,0,0,1
1444,Global Trimethylcyclohexanone CAS           Market        Arkema  MPbio  Tcichemical  Evonik  Siyaku ,0,0,0
3328,NBA Twitter explained  Why Macaulay Culkin is tweeting at Drake,1,1,1
3178,Brandi Carlile and Collaborators Phil and Tim Hanseroth Sign With BMI,1,1,1
3188,Organizer of Google Walkout Quits Over Alleged Retaliation,1,1,1
911,The TurboTax Giveaway Is Dead,0,1,1
408,Dow Jones Industrial Average Drops as Recession Fears Grow,0,0,0
625,With Meryl Streep on Big Little Lies  It s Time to Admit That Film and TV Are Converging,1,1,1
3938,Samsung Breakthrough Will Lead to     Watt Fast Charging Phones,1,1,1
3017,Will Smith goes from fear to joy as Aladdin s new genie,1,1,1
399,Why Is  M  MMM  Down       Since Last Earnings Report ,0,0,0
2325,These are America s favorite and least favorite mobile phones and wireless companies  survey says,1,1,1
1428,Bowyer blows by competitors to earn All Star Race pole,0,1,1
2908,Theme park attendance crosses half billion mark for  st time,1,1,1
1305,Staying Up Front,0,1,1
1412,Why The Hot New Electric Car is a Dyson,0,0,1
1877,This     Cold Brew Maker Has Thousands of Five Star Reviews on Amazon,1,1,1
3489,ANALYSIS Nissan earnings slide fuels Renault deal pressure,1,0,0
3523,Mother s ex fiance arrested in disappearance of   year old Texas girl,1,1,1
167,Here s Why You Must Hold on to Molson Coors Stock Despite Woes,0,0,0
3692,The downfall of   iconic German companies is nothing short of stunning,1,1,1
3863,Evonik closes Witten plant to focus on  D printing material facility at Marl Chemical Park,1,1,1
3141,Saturday Night Live  Emma Thompson shines but audience mostly keeps mum,1,1,1
3522,Heimgartner becomes first Supercars full timer to join TCR,1,1,1
1326,Ford CEO Hackett reassures investors of EV plans as it pours money into electric F       Mustang inspired  crossover,0,0,0
835,DHX Media Ltd  DHXM  Q       Earnings Call Transcript,0,0,0
259,Why Disney Stock Is Showing All the Right Buy Signals Today,0,0,0
3436,Fiat and Renault Is Hardly a Merger of Equals,1,1,1
3627,Why Your Middle School Popularity  Still  Effs With Your Adult Love Life,1,1,1
1692,Walmart CEO Calls for Raising the Federal Minimum Wage,1,1,1
131,Clariant Catalysts and Wuxi Xiyuan win further contracts for formaldehyde production projects in China,1,1,1
2983,Will Smith Taps DJ Khaled for New Version of  Aladdin  Song  Friend Like Me ,1,1,1
260,There s No Price Low Enough for Disney  to Threaten Netflix Stock,0,0,0
3081, Catch      Hulu s Big Prestige TV Bet Might Have a Natural Audience   Teenage Girls,1,1,1
3897,This Is the TRD Tuned Sequoia Toyota Should Have Built a Decade Ago,1,1,1
2267,Welcome to TheGrill       How to Cut Through the Avalanche of Content,1,1,1
2271,Apple launches new crypto developer tools for iOS,1,1,1
240,Miley Cyrus s  Black Mirror  Episode Is Actually About Jojo Siwa  and You Can t Convince Me Otherwise,0,1,1
3568,Watch  Why A Nissan Skyline GT R R   Was Worth A    Year Wait,1,1,1
915,Justin Bieber and Hailey Baldwin reportedly have a wedding date   and it s soon ,0,1,1
1988,Laptop and tablet deals  Save on MacBooks  Fire tablets  and more this weekend,1,1,1
3019,Aladdin   Will Smith calls the shifting backlash over his blue genie  very funny ,1,1,1
3065,Don t Worry  Elle Fanning Is Filling Blake Lively s Role as Resident Cannes Princess,1,1,1
1813,Celgene  CELG  Presents Data on Pipeline Candidates at ASCO,1,1,1
2362,Apple is  not a monopoly   CEO Tim Cook says amid reports of possible antitrust probe,1,1,1
2704,Presidential Candidate Eric Swalwell Says CNN Should Consider Leaving Georgia Over Abortion Ban,1,1,1
2904,Aladdin   How the new Will Smith blockbuster compares to original classic,1,1,1
2475,Random House Sets September For Disney Chief Bob Iger Memoir,1,1,1
3371,Renault s FCA merger move leaves partner Nissan in the cold,1,1,1
921,Middle Mile  AV Startup Gatik Announces     M Seed Round,0,1,1
3686,The rise and rise of a new Super Formula title contender,1,0,1
3689,  Stocks With Low Price Earnings Ratios,1,0,0
1440,Global Batteries for Smart Wearables Market Leaders Overview        LG Chem  Samsung SDI  Accutronics  BrightVolt ,0,0,0
76,Even at     GameStop Stock Isn t a Buy,0,0,0
1493,Amazon Just Revealed Its Best Selling Mascaras   and They re All Under    ,1,1,1
3355,Wall Street tumbles as Facebook  Alphabet extend slide,1,0,1
1433,Would you use a red key to boost your Dodge Challenger or Charger to over     horsepower ,0,1,1
1175,Chelsea to give Mount pre season chance after impressive campaign with Derby,0,1,1
528,An AI s Carbon Footprint Is   Times Bigger Than a Car s,1,1,1
3577,Perth Supercars  Coulthard beats McLaughlin in first night race,1,1,1
2800,Disney CEO says it will be  difficult  to film in Georgia if abortion law takes effect,1,1,1
2583,Liam Payne Says He Coped with One Direction Fame by Drinking   It Got a Little Bit Toxic ,1,1,1
2189,A Growth Versus Value Look At The Market Rally Today,1,0,0
201,Telegraph Audio Football Club podcast  Women s World Cup preview   should we be worried about England ,0,1,1
280,The Most Affordable Downtowns To Live In Across America,0,1,1
1772,The Ring video doorbell is on sale for     off on Amazon,1,1,1
2462,Apple s new        Mac Pro is a monster of a computer inside and out,1,1,1
426,Deal Alert  This Pretty Cover Up That Doubles as a Summer Dress Is Under     Right Now,1,1,1
526,Robert Downey Jr has an Iron Man like plan to save the planet,1,1,0
116,Amazon Orders YA Drama  The Wilds  From Sarah Streicher to Series,1,1,1
2472,Disney is selling a Dole Whip Sugar Cookie Sandwich  and it s the perfect boozy summer snack,1,1,1
3638,Toyota to maintain one lap stint advantage at Le Mans,1,1,1
1915,Behind the Jonas Brothers  Emotional New Documentary  Chasing Happiness ,1,1,1
1075,   Best Cars To Own If You Have Great Credit,0,0,0
2959,Film Review  Will Smith in  Aladdin ,1,1,1
938,Revocation and Voivod announce co headlining      North American tour,0,0,1
890,E        Bethesda s June   Showcase   how to watch  what to expect,0,1,1
1869,Spotify is trying to make Pandora obsolete with its new  Spotify Stations  app,1,1,1
70,Dow Jones Industrial Average Slumps   and Saves the Worst for Last,0,0,0
77,FedEx Stock Falls as Dow Jones industrial Average Starts Week Little Changed,0,0,0
142,Apple is catching up with Huawei and Samsung after winning another patent for a foldable iPhone,1,1,1
208,UPDATE   GameStop halts dividend as console sales slow  shares fall    ,0,0,0
1043,America s first private moon lander will be engineered in India,0,1,1
1577,Daniel Dae Kim Inks First Look Deal With Amazon Studios,1,1,1
1430,Term Sheet    Friday  May   ,0,1,1
3658,Just like old times  Greg Biffle celebrates  st Truck win in    years,1,1,1
3289,The best selling   in   Chromebook on Amazon is     off,1,1,1
689,Get ready for game day in the best under     Raptors gear,1,0,1
29,TV Talk Podcast  Will It Be Returning Champs  Mrs Maisel  Or  Veep  Or An Upset In Tight Emmy Comedy Series Race ,0,1,1
2306,The top    books on Apple s iBooks US,1,1,1
3292,Traina Thoughts  James Holzhauer s Spoiled  Jeopardy   Loss Gets Same Ratings as NBA Finals,1,1,1
3024,MAC Cosmetics Releases Disney  Aladdin  Collection,1,1,1
2114, Final Fantasy  Soundtracks Come to Streaming Services,1,1,1
2650, Dark Phoenix   Latest in X Men Series  Should be the Last,1,1,1
2593,Vice Media Lays Off Two Top Editors  Sets New Hires And Promotions As Revamp Continues,1,1,1
1624,Google to buy analytics software firm Looker for      billion,1,1,1
3093,     Walt Disney,1,1,1
3548,  Year Old Texas Girl Is Missing   and Stepdad Says She Was Abducted by   Men,1,1,1
2838,Explore the   most popular spots in Las Vegas  Westside,1,1,1
2735,Fans can see  Toy Story    a little early  catch up on past films through AMC marathon event,1,1,1
3775,Earnhardt earns career best finish   I literally drove my guts out ,1,1,1
2414,Amsterdam hotels     best places for location and style,1,1,1
2150,Trump s immigration policy is  very misguided   says KIND CEO Daniel Lubetzky,1,1,1
2766,WarnerMedia Will  Reconsider Georgia  If Abortion Ban Takes Effect,1,1,1
2175,Tucker Carlson Hails Elizabeth Warren   Sounds Like Donald Trump At His Best ,1,1,1
3166,The rule was  no midriff   Why Jasmine doesn t bare her belly in  Aladdin ,1,1,1
83,BASF ranks    on list of DiversityInc Top    Companies,1,1,1
205,Why     of Facebook investors voted to oust Zuckerberg as chairman,0,1,1
2481,Ayo Davis Upped To Head Of Talent and Casting For ABC Entertainment  amp  Disney ,1,1,1
3867,Global Polymethacrylimide Foam Market        Evonik Industries AG  Hunan Zihard Material Technology ,1,0,0
1551,The    Best Non Food Items You Should Buy at Trader Joe s,1,1,1
3376,Renault ex boss linked to   mn euros of suspicious spending  board,1,1,1
2415,Backstory D Day as lived by a Reuters correspondent,1,1,1
234,The Jonas Brothers Documentary  quot Chasing Happiness quot  Basically Confirms  quot Lovebug quot  Was Written About Miley Cyrus  The Jonas Brothers Documentary  Chasing Happiness  Basically Confirms  Lovebug,0,1,1
1021,Tech monopoly  Facebook  Google and Amazon face increased scrutiny,0,1,1
1007,Teacher resigns after leaving answers up for students during test,0,1,1
2739,Why Hollywood Is Threatening to Boycott Georgia Over Restrictive Abortion Law,1,1,1
3606,New      Volkswagen Arteon Is a Stylish Alternative to Midsized Sedans,1,1,1
1627,Sharon White Steps Down as Head of British Media Regulator Ofcom,1,1,1
1365,Rockets  Twitter account has no sympathy for Draymond Green on injury,0,0,1
2380,Mac n cheese  Twitter brings the jokes as Apple introduces Mac Pro at WWDC,1,1,1
2368,Wall Street Pooh Poohs  Nuclear Options  for Facebook  Google,1,0,1
2863,AT amp T Stock Could Be a Great Bet,1,0,0
275, Patrick Melrose  Producer Little Island Eyes U S  Expansion  amp  Originals Boost As BBC s Stephen Poliakoff Drama  Summer Of   ,0,1,1
7,Amazon Stock Will Probably Test        but It Wan t Fall Below It,0,0,0
691,Jillian Bell laces up her sneakers for first Brittany Runs a Marathon trailer,1,1,1
3022,Here s How Much Lightsabers and Droids Will Cost You at Star Wars  Galaxy s Edge,1,1,1
3384,France seeks to fend off blame for FCA Renault deal collapse,1,1,1
263,  Stocks to Build Your Portfolio Around,0,0,0
414,Buy Salesforce  CRM  Stock Heading into Q  Earnings ,0,0,0
1102,Factbox  Auto  other industries  manufacturing presence in Mexico,0,0,1
1612,Focus  Beyond Meat s home in the meat aisle sparks food fight,1,1,1
5,Nissan and Renault Discuss Fiat Merger Proposal,1,1,1
3933,Samsung s Galaxy Fold won t launch in June  reports claim ,1,1,1
1443, Global Matting Agents Market        Huntsman International  Evonik Industries  Baltimore Innovations  WR Grace   The Edge ,0,0,0
3909,Faulty database script brings Salesforce to its knees,1,1,1
35,Tiffany talks rumored Debbie Gibson rivalry  possible duet   Everybody likes a good little catfight  ,0,1,1
183,  Reasons Stock Buybacks Should Be Illegal,0,0,0
31,The    inch Lenovo S    Chromebook laptop gets a      price cut,1,1,1
2551,Tokyo Disneyland s Mickey shaped soft boiled eggs make the most magical rice bowl,1,1,1
1333,Ryan  Dover criticism at interesting juncture for leadership  rules,0,1,1
3813,Stock Market News  Chrysler Looks to Rejoin Big    a New Threat to GE ,1,0,1
2148,iOS     The hidden features inside latest iPhone update,1,1,1
2129,Now that  Pro  means something to Apple again  can we get an iPhone Pro ,1,1,1
1251,SMP commits to WEC for         but wants LMP  changes,0,0,1
2622,Dark Phoenix  reviews  At least it s better than X Men  Apocalypse  ,1,1,1
2965,The Phantom Menace  turns     Why I love the  Star Wars  prequels  and you should too ,1,1,1
2196,How Johanna Konta s reinvention was fuelled by rom coms and  acceptance ,1,1,1
344,Buy Facebook and Google Stock on Antitrust Related Weakness,0,0,0
793,US STOCKS Futures advance on growing hopes of a rate cut,0,0,0
2079,Global Banks to Pay    M in Settlement for FX Manipulation,1,1,1
2948,    s drama  Party of Five  reboot involves deported parents,1,1,1
321,US stocks gain as Fed Chief pivots on interest rates,0,0,0
295, Pokemon Detective Pikachu  Grabs    M In  Endgame  Dominated Universe  Marvel Pic  rd Highest Domestic With     M    Sunday Update,0,1,1
2992,Cirque Du Soleil Inspired Movies In Works In Deal With Dan Lin s Rideback,1,1,1
3062,James Gunn says Rocket Raccoon s story arc will conclude with Guardians of the Galaxy Vol   ,1,1,1
796,UPDATE   Apple asks developers to place its login button above Google  Facebook,0,0,1
853,Best world whiskies  Find a dram to suit all budgets,0,1,1
162,Here s Why it is Worth Holding on to Actuant  ATU  Stock Now,0,0,0
187,Energy Stocks Hit by Oil Slump Seek Value Investors as Index Rebalance Looms,0,0,0
1084,AutoTrader Defies Car Industry Gloom,0,0,0
2384,Apple CEO says U S  scrutiny  fair   but rejects idea company is a monopoly,1,1,1
1669,Should Amazon be broken up   No   says Amazon executive,1,1,1
1859,UPDATE   Walmex says Mexican competition authority opposes Walmart s Cornershop purchase,1,1,1
1618,Google to buy cloud company Looker for      billion,1,1,1
748,CBS to Release Second Season of STRANGE ANGEL in Canada,1,1,1
1343,Erik Jones  overtime block has Bowyer boiling at Kansas,0,0,1
814,World shares skid after technology sell off hits Nasdaq,0,1,1
1892,Autonomous driving will be Uber s  big win   analyst,1,1,1
3509,UPDATE   Italian budget worries knock European shares lower,1,1,1
2951,House Judiciary Committee Issues Subpoena for Fox Spokeswoman Hope Hicks,1,0,1
1774,Ecolab s Nalco Water to Boost Public Health With New Offering,1,1,1
2654,First  Ad Astra  trailer launches Brad Pitt into awards contention,1,1,1
2890,Disney World s Hottest Park Will Be Its Coldest in     ,1,1,1
2995,Nonprofits Federal Alliance for Safe Homes and Resilience Action Fund Announce Partnership,1,0,1
319,Traina Thoughts  Despite Backlash  Losing Followers  Darren Rovell Says He d Tweet  Jeopardy   Spoiler Again,0,0,1
192,Tim Cook says many Apple colleagues are  Dreamers   praises House for passing bill offering path to citizenship,0,1,1
473,Save     on Instant Pot s best selling model,1,1,1
1219,Factbox  Auto industry consolidation  mega mergers and alliances,0,0,1
147,New Strong Buy Stocks for June  th,0,0,1
1060,Chinese Crypto Pioneer Pays       Million for Lunch With Warren Buffett,0,1,1
826,See what the IHS Markit Score report has to say about Walt Disney Co ,0,0,1
2423, G Hype Fails to Ignite Much Bidding for  G Airwave Rights,1,0,1
514,Is It Too Early to Invest in Food Delivery Companies ,0,1,1
957,Interview  Germany s Scholz views G   meeting as milestone for minimum corporate tax,0,1,1
2550,Woody  Buzz and    a plastic fork  the  Toy Story  gang grows,1,1,1
3472,Chevrolet Corvette C   Nissan    ZX In Disguise,1,1,1
1107,Mexico  U S  business groups urge Trump to back down on tariff threat,0,0,0
3799,Talking Cars      Toyota Supra and BMW Z ,1,1,1
62,Stocks in Focus  Magic Formula Update on KCI Limited  KOSDAQ A         AT   S Austria Technologie   Systemtechnik Aktiengesellschaft  WBAG ATS ,0,0,0
1171,Everything We Know About The Disappearance Of   Year Old Maleah Davis,0,1,1
2663,Godzilla  King of the Monsters  disappoints at the box office,1,1,1
3399,Nissan CEO  Don t see particularly negative aspects in Renault deal,1,1,1
3815,Test Numbers Are in for the Highly Anticipated      Toyota Supra  but Can It Outrun a Chevrolet Camaro V    LE ,1,1,1
235,Scoop behind   of the biggest X Men Easter eggs in  Dark Phoenix   From a dazzling debut to a new alien race  spoilers  ,0,1,1
2896,Samsung teamed up with Disney for a series of brilliant Galaxy S   wallpapers,1,1,1
3667,   Common Car Seat Mistakes  And How to Avoid Them ,1,0,0
977,Love Island viewers are left baffled by Curtis Pritchard s sex confession,0,1,1
731,  best camping cooking gear products that offer both style and substance,1,1,1
3696,M amp M s Glampground becomes sweetest stop on NASCAR circuit,1,1,1
3108,Disney Strikes A Deal With Comcast To Take Control Of Hulu,1,1,1
439,   Alternatives to Try If It Hurts to Wear a Bra,1,1,1
77,The   FANG Stocks Won t Be Bitten By Regulation Threats,0,0,0
910,First transatlantic flight centenary  Why Derrigimlagh bog is about to steal the spotlight,0,1,1
3481,Nissan says Saikawa to remain as CEO  Renault chief to join board,1,1,1
153,Azul  AZUL  Looks Good  Stock Adds      in Session,0,0,0
3927,A Combined Vision  DuPont Performance Building Solutions Spotlight Design Freedom at AIA Conference on Architecture,1,1,1
767,The Ones  Best Rap Songs of the Week From NoCap  Key Glock  Rod Wave  and Roddy Ricch,0,1,1
2557,Jessica Jones Will  Never Be a Hero  in Trailer for Netflix s Final Marvel TV Show  Video ,1,1,1
846,Rhea Perlman Says She ll Never Divorce Ex Danny DeVito Despite Their Separation   What For  ,0,1,1
3243, Baldur s Gate III  Officially in Development at Larian Studios,1,1,1
947,Government Minister Wants To Shift Cargo From Trucks To Rail,0,1,1
3895,BASF Named A General Motors Supplier Of The Year For   th Time,1,1,1
3299,Apple CEO says U S  scrutiny  fair   but rejects idea company is a monopoly,1,1,1
3224,Facebook stops Huawei from pre installing apps on phones,1,1,1
3417,It s Not Up to Renault Anymore  Fiat Chrysler Just Withdrew Its Merger Offer,1,1,1
615,Chernobyl  Has Become IMDb s Highest Rated Series Ever,1,1,1
1125,GLOBAL MARKETS China gains  auto sector lift Asian shares  but sentiment fragile,0,0,0
1467,UPDATE   Clariant expects China rebound after weak Q ,0,1,1
1681,UPDATE   Amazon executive says company welcomes scrutiny of big tech,1,1,1
3457,Fiat Chrysler in talks to forge extensive ties with Renault   Financial Times,1,1,1
95,Toyota may invest about      million in China ride hailing firm Didi  Nikkei,1,1,1
804,Better late than never  PS  and Xbox One controller support in iOS    is a game changer,0,1,1
2008,Anthem  ANTM  Inks Deal to Acquire Beacon Health Options,1,1,1
2954,How J J  Abrams brought Carrie Fisher back for pivotal role in  Star Wars  The Rise of the Skywalker ,1,0,1
3099,The Simpsons may have predicted GoT s big King s Landing twist,1,1,1
2765,Hollywood Studios Finally Speak Up on Anti Abortion Bills  Here s What They re Saying,1,1,1
2233,US Girls  Meghan Remy on the Impact of Billy Joel,1,1,1
37,Investors in Facebook  FB   Amazon  AMZN  and Alphabet  GOOG  Stocks Shouldn t Fear Government  Says Top Analyst,0,0,0
2253,The Refreshing Summer Manicure Trend You ll Want To Take A Bite Out Of,1,1,1
2889,Werner Herzog Joined  Star Wars  Series for Money to Finance Cannes Movie  Family Romance  LLC  ,1,1,1
3580,Wyc Grousbeck s Celtics license plate is a terrific burn of     Lakers,1,1,1
181,Analyst Likes Cronos  But Valuation Suggests  Downside Potential ,0,1,1
606,Pivotal Software  PVTL  Q  Earnings  amp  Revenues Top Estimates,0,0,0
2784,Onward trailer  Avengers stars Tom Holland and Chris Pratt reunite for fantasy Pixar film,1,1,1
3850,With its hands free system  Nissan could beat Tesla at its own game ,1,1,1
3772,Auto supplier Cooper Standard not interested in bidding for Turkey s Teklas CEO,1,1,1
1623,UPDATE   Google to buy analytics software firm Looker for      bln,1,1,1
2069,Why I ll Be Spending My Entire D C  Vacation Inside the Line Hotel,1,1,1
3392,Fiat Chrysler says French politics ended Renault merger,1,1,1
58,Leaked doc  Google has more temporary and contract workers than full time staff  raising concerns about its growing reliance on them,1,1,1
422,How Alexa Got Her Personality,1,1,1
3595,Nissan Spain to cut     jobs from Barcelona plant,1,1,1
1116,How Volvo Designers Are Using Augmented Reality to Develop New Cars,0,1,1
1650,Consumer Reports Launches New Digital Lab,1,1,1
2242,PSA  Apple AirPods can t be used to record audio with the iPhone camera app,1,1,1
2364,Apple CEO Denies the Tech Giant Is a Monopoly but Says U S   Scrutiny Is Fair ,1,1,1
2852, Jessica Jones   Watch Tense Final Season Trailer,1,1,1
1163,Masuko to step down as Mitsubishi Motors CEO  Kato to succeed him,0,1,1
2429,How to make delicious harissa falafels with spiced beetroot  kefir dressing and pittas,1,1,1
590,The brilliant way iOS    lets you find lost devices that aren t even connected to a network,1,1,1
2729,Google Requires Loot Box Laden Kids  Games Disclose the Odds of Winning Digital Goods,1,1,1
3406,Failed FCA Renault deal exposes limits of French industrial intervention,1,1,1
3441,Don t see particularly negative aspects in Renault deal  Nissan CEO,1,1,1
950,Making the Most of an Accelerator Program    Startup Strategies,0,1,1
1208,Edited Transcript of MINDAIND NSE earnings conference call or presentation    May         am GMT,0,0,0
1786,Moving Average Crossover Alert  J Jill,1,1,1
2807,Star Wars  Galaxy s Edge offers new world at Disneyland,1,1,1
3298,Factbox  Global tech companies shun Huawei after U S  ban,1,1,1
1656,Amazon CEO Jeff Bezos gets a laugh out of his round with a robotic arm at re MARS conference,1,1,1
218,China Could Make or Break the Case for TSLA Stock,0,0,0
3323,The Latest  Apple unveils privacy tools  iTunes changes,1,1,1
1822,Wall Street Sees Second Best Day of the Year    Winners,1,0,1
1832,Bernie Sanders tells shareholders Walmart pays  starvation wages ,1,1,1
3010,Atwater  amp  KKR s German Conglom Launch Local Language Financier Library Pictures International With India s RSVP  amp  Lat Am s Sun   ,1,1,1
136,  Tech Stocks Under     to Buy Now,0,0,0
2745,   Best travel toys  Baby  toddler and kid approved toys for travelling in     ,1,1,1
3854,Nissan Might Have Played Itself,1,1,1
1015,Jennifer Lopez Discusses Her Iconic Style and    Years in Fashion at the CFDA Awards,0,1,1
2126,Wisconsin Teen Says She Was  Traumatized  After Reportedly Finding Blood in Her Panera Salad,1,1,1
2183,Better Buy  Seagate Technology vs  Qualcomm,1,1,1
3715,Portugal WRC  Tanak s lead eroded while Latvala retires,1,1,1
3332,Everything Apple announced at its WWDC      developer conference,1,1,1
3801,Toyota Rebukes Trump for Sending Message That Carmaker  Not Welcomed  in U S ,1,1,1
59,Can U S  Stocks Keep Skyrocketing ,0,0,0
106,Salesforce open sources Lightning Web Components,1,1,1
317, G Stocks  The Race to Win the Revolution Heats Up,0,0,0
352,Stock markets slump as trade war tensions spike,0,0,0
128,Murphy administration sues DuPont   M and other companies over toxic firefighting foam,1,0,1
2249,Devastating Computer Worms   NSA Urges Windows Update to Patch BlueKeep Security Flaw,1,1,1
2960, Aladdin  Review  Will Smith Steals the Show in Guy Ritchie s Unexpectedly Fun Remake,1,1,1
2826,Bird attack at Disney World leaves woman with traumatic brain injury,1,1,1
1876,Woody Allen to begin shooting new film starring Christoph Waltz,1,1,1
2570, Invincible  Is Heartwarming  Inspirational and     Lacking Philadelphia Accents ,1,1,1
3139,Avengers  Endgame directors hint Cap could feature in Loki series,1,1,1
435,   Great Reusable Water Bottles to Stay Hydrated All Summer Long,1,1,1
4,US Stock Market Overview   Stocks Surge With One of Biggest Weekly Rallies of the Year,0,0,0
884,Transitioning Into the     s  The Shape of Pants to Come,0,1,1
1536,Newsweek Sets Plans to Form Film and Distribution Unit,1,1,1
58,Research Group To Launch Delivery Locker Pilot In Downtown Seattle,0,1,1
1497,Amazon s crazy Fire TV Stick  K sale is over  but now the Fire TV Stick has been discounted,1,1,1
