headlines,source,relevancy
"Apple, Amazon, YouTube: Safer, faster &amp; less annoying",USA TODAY via Yahoo News,0
What to do as soon as you lose your phone,Yahoo Finance,0
Save $800 on a 21.5-inch Apple iMac with this incredible deal,Mashable via Yahoo Finance,0
"A first look at the gardens of The Newt, Somerset: 'It's not like anything you've ever seen'",The Telegraph via Yahoo News UK,0
Apple's Rumored Drive.ai Buyout to Aid Driverless Car Project,Zacks via Yahoo Finance,0
Antitrust Regulators Are Preparing an Investigation Into Big Tech: What Investors Need to Know,Motley Fool via Yahoo Finance,0
"Save Huge on an Apple Watch, Fitbit, and Bose Headphones With Walmart‚Äôs Massive Sale",Men's Health via Yahoo News,0
Music to Apple's and Spotify's Ears: Paid Streaming Expected to Skyrocket,Motley Fool via Yahoo Finance,0
Here's Everything We Know About Apple's Back-to-School Sales,Good Housekeeping via Yahoo News,0
Friday Apple Rumors: iOS 13 Helps Filter Spam Calls,InvestorPlace via Yahoo Finance,0
Can't make it to the theater? BroadwayHD lets you stream Broadway instead,USA TODAY via Yahoo News,0
"How Justified Is the Exuberance Around Apple, Developer CryptoKit?",Cointelegraph via Yahoo Finance,0
"Apple Watches, LG 4K TVs, Remington beard trimmers, Philips electric toothbrushes, and more on sale...",Mashable via Yahoo Finance,0
Apple Store designer submits plans to redevelop Notre Dame with glass roof and spire,The Telegraph via Yahoo News UK,1
Hurry: It looks like Amazon‚ rare discount on AirPods 2 is going away soon,BGR News via Yahoo News,0
The 5 Best Amazon Deals You Can Score This Weekend,People via Yahoo News,0
"Does The Apple Hospitality REIT, Inc. (NYSE:APLE) Share Price Fall With The Market?",Simply Wall St. via Yahoo Finance,0
Joel Greenblatt's Top 5 Holdings,GuruFocus.com via Yahoo Finance,0
This Apple iPad 2 is on mega sale,AOL.com via Yahoo News,1
Apple's macOS Catalina fixes the most frustrating thing about Dark Mode,Mashable via Yahoo Finance,1
"Apple just added crypto support to iPhone, and we nearly missed it",BGR News via Yahoo News,1
Apple reportedly interested in acquiring a self-driving car startup,BGR News via Yahoo News,1
Best Tech Deals in June 2019,Tom's Guide via Yahoo Finance,0
Love Island's Lucie confuses viewers with another weird decision,Digital Spy via Yahoo News UK,0
On-demand game rivals get ready to rumble in the cloud,AFP via Yahoo News,0
Make time to play these‚ must-have‚ video games for your Apple Watch,USA TODAY via Yahoo News,0
Here‚ a Guide to the U.S. Antitrust Case Against Big Tech Companies,Bloomberg via Yahoo Finance,0
Love Island Viewers Baffled By Lucie‚Äôs Bizarre Fruit Eating Habits,HuffPost UK via Yahoo News,0
"Apple lets users track menstrual period cycles on Health app, Watch with software update",USA TODAY via Yahoo News,1
"The Ones: Best Rap Songs of the Week From NoCap, Key Glock, Rod Wave, and Roddy Ricch",Pitchfork via Yahoo News,0
"French Cars Are Coming to America, So We Drove This One",Car and Driver via Yahoo News,0
GameStop(ped Pulse): Quarterly Woes,Motley Fool via Yahoo Finance,0
"Apple triples down on augmented reality, but it will be a tough sell",USA TODAY via Yahoo News,0
Keurig Dr Pepper (KDP) Up 0.2% Since Last Earnings Report: Can It Continue?,Zacks via Yahoo Finance,0
Apple introduces new call blocking software with iOS 13 to combat robocalls,USA TODAY via Yahoo News,1
6 Free Language Translation Apps That Make Traveling Abroad a Breeze,Money via Yahoo Finance,0
2019 Kia Niro EV Is Practical and Roomy,Consumer Reports via Yahoo News,0
"Dell XPS Desktop, PlayStation 4 Pro, PlayStation Plus, iPad Pro, and more for June 8",Mashable via Yahoo Finance,0
Mark Ronson: ‚ Self-deprecation can seem like a false character trait to make you endearing,The Independent via Yahoo News UK,0
"Best Smart Speakers With Alexa, Siri, and Google Assistant",Fatherly via Yahoo News,0
FYI: People Are Obsessed With These Best-Selling Natural Skincare Products,Who What Wear via Yahoo News,0
Celebrate National Doughnut Day with Cincinnati's best doughnut shops,Hoodline via Yahoo News,0
Celebrate National Doughnut Day at one of San Francisco's 5 best doughnut shops,Hoodline via Yahoo News,0
Nick Jonas Reveals New Song 'I Believe' Is A 'Love Letter' To Wife Priyanka Chopra!,Yahoo View,0
"Gwyneth Paltrow Admits She Has a 'Fortnite' and 'Chicken Nuggets' Problem with Her Son Moses, 13",People via Yahoo News,0
"E3 2019: Video games take a cue from Netflix, but can Google and cloud games score?",USA TODAY via Yahoo News,0
Consumer Beauty Hurts Coty: Can Efforts Revive Lost Sheen?,Zacks via Yahoo Finance,0
"Walmart is having crazy sales this weekend ‚Äî save on iPads, patio sets and more!",Yahoo Lifestyle,0
How to Watch Big Little Lies Season Two This Weekend,Town &amp; Country via Yahoo News,0
Buy Broadcom (AVGO) Stock Before Earnings Despite Semiconductor Market Downturn?,Zacks via Yahoo Finance,0
Red Robin's Strategic Efforts Bode Well: Should You Hold?,Zacks via Yahoo Finance,0
The Best 4th of July Captions for Every Patriotic Photo You Post on Instagram,Country Living via Yahoo News,0
Celgene's Filing for Ozanimod Accepted for Review in US/EU,Zacks via Yahoo Finance,0
US stock market notches best week since late November,Associated Press via Yahoo Finance,0
Amazon's New Robots to Aid Automation at Fulfillment Centers,Zacks via Yahoo Finance,1
"Bottoms Up! The Best Fruits to Add to Red, White, and Sparkling Sangria",PopSugar via Yahoo News,0
PlayStation boss: There's 'no scenario where the PlayStation and Xbox platforms combine',GameDaily.Biz via Yahoo Finance,0
Amerisafe Benefits from Specialty in High-Hazard Insurance,Zacks via Yahoo Finance,1
"Dow Jones Today: Jobs Report Was a Dud, But Stocks Didn‚Äôt Mind",InvestorPlace via Yahoo Finance,0
Analyst Likes Google After More Details From Stadia,Benzinga via Yahoo Finance,0
Markets Right Now: Stocks rise as rate cut looks more likely,Associated Press via Yahoo News,0
'Hands down the best sneaker I've ever owned': The internet loves these sustainable sneakers,Yahoo Canada Style,0
Automotive Stocks Rebound as Fed Rate-Cut Seems Imminent,Zacks via Yahoo Finance,0
Canadian Solar's (CSIQ) Unit Inks PPA With Energy Transfer,Zacks via Yahoo Finance,1
"Stock markets rally, dollar drops in anticipation of US rate cuts",AFP via Yahoo News,0
Microsoft Removes Face Recognition Photos Amid Privacy Controversy,Fortune via Yahoo Finance,1
IBM Watson Assists Cerealto Siro to Launch New Food Products,Zacks via Yahoo Finance,1
"Uhhhh, Apparently Someone Found Blood In Their Panera Salad",Delish via Yahoo News,0
Is It Time to Hold Your Horses on AMD Stock?,Zacks via Yahoo Finance,0
"Upcoming AT&amp;T Streaming Service Could Cost $16-$17, Bundle HBO, Cinemax",Indiewire via Yahoo News,0
This Watermelon Wedger Will Slice Your Fruit Into 12 Perfect Pieces,Best Products via Yahoo News,0
Salesforce (CRM): Is It Too Late To Buy?,Zacks via Yahoo Finance,0
"5 Top Stock Trades for Monday: AMZN, GOOGL, BYND",InvestorPlace via Yahoo Finance,0
How Alexa Got Her Personality,Variety via Yahoo News,0
Employment Numbers Point to Rate Cut: Portfolio Management,Zacks via Yahoo Finance,0
The best sleep trackers for a better night's rest,Digital Spy via Yahoo News UK,0
Nick Jonas Says Jonas Brothers' Song 'I Believe' Is a 'Love Letter' to Priyanka Chopra,Entertainment Tonight via Yahoo News,0
New mom Mindy Kaling's advice to career-driven women who want to be mothers,ABC News via Yahoo News,0
"NASA Reverses Course on Space Tourism, Opens ISS to Private Astronauts, Companies",Fortune via Yahoo Finance,1
FTC went to Silicon Valley to solicit antitrust complaints,Politico via Yahoo News,1
6 paid iPhone apps on sale for free on June 7th,BGR News via Yahoo News,1
Weyes Blood Shares Her Favorite Movie Soundtracks,Consequence of Sound via Yahoo News,0
"Top Research Reports for Mastercard, Disney &amp; Abbott",Zacks via Yahoo Finance,0
Buy Plant-Based Burger Maker Beyond Meat After BYND Stock Soars Following Q1 Earnings?,Zacks via Yahoo Finance,0
Microsoft Reclaims $1 Trillion Mark as Stock Climbs to Record,Bloomberg via Yahoo Finance,0
Tony Award Predictions: ‚Hadestown‚ Cranston? ‚Constitution‚ Who Will Win ‚ And Who Should,Deadline via Yahoo News,0
Elmer Bernstein‚ iconic Ghostbusters score released online for the first time ever: Stream,Consequence of Sound via Yahoo News,1
"From Beatlemania To The Beyhive, Here's What A Stan Looked like In Every Decade",Refinery29 via Yahoo News,0
Cubs Talk Podcast: Craig Kimbrel and Theo Epstein meet the media,NBC Sports Chicago via Yahoo Sports,0
Bargain alert: Save $804 on this renewed MacBook Pro from Amazon,Mashable via Yahoo Finance,0
4 Antitrust Tech Stocks to Keep an Eye On,InvestorPlace via Yahoo Finance,0
"Laptop and tablet deals: Save on MacBooks, Fire tablets, and more this weekend",Mashable via Yahoo Finance,0
The NYPD Formally Apologizes for the 1969 Stonewall Raid: RaceAhead,Fortune via Yahoo Finance,1
"With Washington Turmoil, Visa Stock Is Surprisingly Risky",InvestorPlace via Yahoo Finance,0
3 Sectors Took a Nosedive in Latest Jobs Report,Fortune via Yahoo Finance,0
10 High-Tech Gifts for Father‚ Day 2019,InvestorPlace via Yahoo Finance,0
3 Tech Stocks Under $10 to Buy Now,Zacks via Yahoo Finance,0
The Ones: Roddy Ricch,Pitchfork via Yahoo News,0
Intermittent Fasting Is Hard When You're a Mom - Here's How I Make It Work,PopSugar via Yahoo News,0
Updated Best-Ball QB Tiers,Rotoworld via Yahoo Sports,0
British Airways launches sparkling wine,AFP Relax News via Yahoo News,0
Joe Jonas Says He and Sophie Turner Had to Have ‚ÄòLegal Marriage‚Äô Ahead of ‚ÄòBig‚Äô Second Ceremony,People via Yahoo News,0
"Uber Eats' New Report Confirms Humans Are in Fact, Complete Weirdos",SheKnows via Yahoo News,0
Sign up for the Yahoo Finance Canada Morning Brief newsletter,Yahoo Finance Canada,0
AstraZeneca's Calquence Meets Endpoint in 2nd CLL Study,Zacks via Yahoo Finance,1
Surging Earnings Estimates Signal Good News for RenaissanceRe (RNR),Zacks via Yahoo Finance,0
Why Anaplan (PLAN) Could Be Positioned for a Surge,Zacks via Yahoo Finance,0
Google Stadia: the compatible phones,AFP Relax News via Yahoo News,1
Hawaiian Airlines Posts Rise in May Traffic; Load Factor,Zacks via Yahoo Finance,1
"Patton Oswalt on life with his cat, Addison, and 'The Secret Life of Pets 2'",Good Morning America via Yahoo News,0
Snap (SNAP) in Focus: Stock Moves 6.8% Higher,Zacks via Yahoo Finance,0
Peloton's IPO Is Clouded by Its Legal Fights,Bloomberg via Yahoo Finance,1
Top Ranked Income Stocks to Buy for June 7th,Zacks via Yahoo Finance,0
LogMeIn Widens Bold360 Offering to Aid Customer Experience,Zacks via Yahoo Finance,10
Azul Posts Solid May Traffic Data on High Domestic Demand,Zacks via Yahoo Finance,0
Anthem (ANTM) Inks Deal to Acquire Beacon Health Options,Zacks via Yahoo Finance,1
"Infosys, Microsoft Coordinate on Smart Buildings Solutions",Zacks via Yahoo Finance,1
Factors Likely to Shape Dave &amp; Buster's (PLAY) Q1 Earnings,Zacks via Yahoo Finance,0
NCR Keeps Acquisition Trend Alive With Partial Buyout of OKI,Zacks via Yahoo Finance,1
Here's Why You Should Retain Matador Resources (MTDR) Stock,Zacks via Yahoo Finance,0
"Domo (DOMO) Q1 Loss Narrows, Revenues Up on Customer Wins",Zacks via Yahoo Finance,0
"Smith &amp; Nephew (SNN) Buys Brainlab, Braces Robotic Ecosystem",Zacks via Yahoo Finance,1
"FDA, FTC take action to protect kids by citing four firms that make, sell flavored e-liquids for...",PR Newswire via Yahoo Finance,1
Listen: Why Tony Rehearsals Make James Corden Cry,Variety via Yahoo News,0
Shell (RDS.A) Gazprom Neft to Create West Siberian Oil JV,Zacks via Yahoo Finance,1
SkyWest's (SKYW) Block Hours Load Factor Increase in May,Zacks via Yahoo Finance,0
True wireless earbuds with a better design than AirPods are on sale for just $26,BGR News via Yahoo News,0
India is leading a global charge to make corporate giants pay fair tax,Quartz via Yahoo Finance,0
Anaplan (PLAN) Catches Eye: Stock Jumps 6.2%,Zacks via Yahoo Finance,0
Everything Jennifer Aniston eats in a day,Cosmo via Yahoo News,0
Moving Average Crossover Alert: Broadridge Financial Solutions,Zacks via Yahoo Finance,1
Moving Average Crossover Alert: Banco Macro,Zacks via Yahoo Finance,1
Moving Average Crossover Alert: Aerojet Rocketdyne,Zacks via Yahoo Finance,1
Coach just added tons of new styles to their massive summer sale -- with up to 50% off,Yahoo Canada Style,0
W.R. Berkley Board Okays Dividend Hike and Special Dividend,Zacks via Yahoo Finance,1
Fastenal's (FAST) 9.5% Sales Growth in May Fall From April,Zacks via Yahoo Finance,0
At Home (HOME) Stock Plummets 57.2% on Q1 Earnings Miss,Zacks via Yahoo Finance,0
"ABM Industries (ABM) Beats on Q2 Earnings, Narrows EPS View",Zacks via Yahoo Finance,0
Top Ranked Value Stocks to Buy for June 7th,Zacks via Yahoo Finance,0
"Wall Street rallies on hopes of U.S. rate cut, trade progress",Reuters via Yahoo Finance,1
Google Plans to Buy Looker to Bolster Data Analytics Offerings,Zacks via Yahoo Finance,1
NetApp Democratizes Cloud Storage With New All-Flash Solution,Zacks via Yahoo Finance,1
Arista Expands Cognitive Platform to Improve User Experience,Zacks via Yahoo Finance,1
Titan Medical (TMDI) Shows Promise on Strategic Developments,Zacks via Yahoo Finance,1
"Stock Market News For Jun 7, 2019",Zacks via Yahoo Finance,0
Homebuilders Gain as Mortgage Rates Fall to Two-Year Low,Zacks via Yahoo Finance,0
MGLN vs MOH: Which Health Insurance Stock is Placed Better?,Zacks via Yahoo Finance,0
"Coupa Prices $700M Senior Notes, Aids Financial Flexibility",Zacks via Yahoo Finance,0
New Strong Buy Stocks for June 7th,Zacks via Yahoo Finance,0
Eastman Chemical to Boost Impera Performance Resin Production,Zacks via Yahoo Finance,1
Can Value Investors Pick American Financial (AFG) Stock Now?,Zacks via Yahoo Finance,0
Is Arch Capital Group (ACGL) a Good Value Investor Pick?,Zacks via Yahoo Finance,0
Is Cigna (CI) a Suitable Stock for Value Investors Now?,Zacks via Yahoo Finance,0
Should Value Investors Consider Aviva (AVVIY) Stock Now?,Zacks via Yahoo Finance,0
Can Value Investors Consider American Equity (AEL) Stock?,Zacks via Yahoo Finance,0
Take Buffett‚ Advice: 5 Vanguard Funds to Buy,InvestorPlace via Yahoo Finance,0
"Reagan, Punk Rock, and Me: A Love Story",Vogue via Yahoo News,0
SAIC in Focus: Stock Moves 7.2% Higher,Zacks via Yahoo Finance,0
Azul (AZUL) Looks Good: Stock Adds 5.3% in Session,Zacks via Yahoo Finance,0
ABM Industries (ABM) Jumps: Stock Rises 6.7%,Zacks via Yahoo Finance,0
Facebook‚ Crypto Will Be Tied to Multiple Currencies: Exec,Coindesk via Yahoo Finance,0
"Kirkland's (KIRK) Stock Down on Q1 Loss, Sales Lag Estimates",Zacks via Yahoo Finance,0
"Vertex Expands Collaboration With CRISPR, Acquires Exonics",Zacks via Yahoo Finance,0
Big Firms Are Investing in Rented E-Scooters. Here's Why,Zacks via Yahoo Finance,0
Honeywell Unveils Enterprise Performance Management Solution,Zacks via Yahoo Finance,1
Is Aegon NV (AEG) a Suitable Stock for Value Investors Now?,Zacks via Yahoo Finance,0
Can Value Investors Pick Allstate Corporation (ALL) Stock?,Zacks via Yahoo Finance,0
Is Aflac Incorporated (AFL) a Good Value Investor Pick?,Zacks via Yahoo Finance,0
What is Happening to Streaming‚Äôs Superstars?,Rolling Stone via Yahoo News,0
Big leak reveals a sky-high price tag for Samsung Galaxy Note 10,BGR News via Yahoo News,1
"Signet (SIG) Q1 Earnings Beat Estimates, Revenues Down Y/Y",Zacks via Yahoo Finance,0
There's No Roadmap to Breaking Up Facebook‚ But Here's Where the Government Might Start,Fortune via Yahoo Finance,0
So Much for AT&T's Grand Advertising and Streaming Plan‚ data Sheet,Fortune via Yahoo Finance,0
Snap's Gaming Platform Gets an Exclusive Battle Royale Game,Zacks via Yahoo Finance,1
Raytheon Set to Offer Retrofits for Boeing's F-15 Jet Fleet,Zacks via Yahoo Finance,1
Boeing (BA) Secures $41M Navy Deal to Modify P-8A Aircraft,Zacks via Yahoo Finance,1
New Balance's partnership with 'Fun Guy' Kawhi Leonard pays off through Raptors playoff run,Yahoo Finance Canada,1
DexCom and Companion Medical Collaboration to Support CGM,Zacks via Yahoo Finance,0
Wines of the week: Eight wines from Croatia and Slovenia,The Independent via Yahoo News UK,0
Here's Why You Should Retain NextGen Healthcare (NXGN) Stock,Zacks via Yahoo Finance,0
"Ollie's Bargain (OLLI) Beats on Q1 Earnings ; Sales, Guides Up",Zacks via Yahoo Finance,0
Pool Corp (POOL) Gains 27% in 1 Year: More Room for Growth?,Zacks via Yahoo Finance,0
Here's Why it is Worth Holding on to Illinois Tool Stock Now,Zacks via Yahoo Finance,0
ScottsMiracle-Gro (SMG) Provides Revised View for Fiscal 2019,Zacks via Yahoo Finance,1
Vail Resorts (MTN) Q3 Earnings and Revenues Beat Estimates,Zacks via Yahoo Finance,0
Ball Corp Attains New 52-Week: What's Driving the Rally?,Zacks via Yahoo Finance,0
Here's Why it is Worth Holding on to Actuant (ATU) Stock Now,Zacks via Yahoo Finance,0
Sysco Gains 8% in 3 Months: Is There More Room for Growth?,Zacks via Yahoo Finance,0
Factbox: Women who could run the EU,Reuters via Yahoo News,0
Spotify Reprising ‚Sound Up‚ Podcasting Boot Camp for Women of Color,Variety via Yahoo News,1
ADTRAN SmartRG Devices to Power ATC Communications Network,Zacks via Yahoo Finance,1
Altice Concludes Cheddar Buyout to Extend News Footprint,Zacks via Yahoo Finance,1
5 Industrial Stocks to Bet on Despite Trade War Jitters,Zacks via Yahoo Finance,0
"Guess? (GES) Q1 Loss Widens, Revenues Up on Europe Strength",Zacks via Yahoo Finance,0
Why GEO Group (GEO) Could Be Positioned for a Surge,Zacks via Yahoo Finance,0
"Pharma Stock Roundup: ASCO Update, FDA Nod for LLY's Emgality for Cluster Headache",Zacks via Yahoo Finance,0
"Wall St. rallies on hopes of U.S. rate cut, trade progress",Reuters via Yahoo Finance,1
Merit Medical Systems Sees Hammer Chart Pattern: Time to Buy?,Zacks via Yahoo Finance,0
"Canada unemployment rate falls to 5.4%, the lowest ever on record",Yahoo Finance Canada,0
Here's Why You Must Hold on to Molson Coors Stock Despite Woes,Zacks via Yahoo Finance,0
Manitowoc Rides on Strong Order Flow; Product Innovation,Zacks via Yahoo Finance,0
AptarGroup (ATR) Hits 52-Week High: What's Driving the Rally?,Zacks via Yahoo Finance,0
Outlook for Electronics Semiconductors Industry Looks Bright,Zacks via Yahoo Finance,1
Do Hemp Stocks Stand to Gain From a Weed-Liberal Illinois?,Zacks via Yahoo Finance,0
Genuine Parts' Europe Unit Completes PartsPoint Acquisition,Zacks via Yahoo Finance,1
What to Watch this Weekend: The season premiere of Big Little Lies and the Tony Awards,Entertainment Weekly via Yahoo News,0
Universal Forest Products Sees Hammer Chart Pattern: Time to Buy?,Zacks via Yahoo Finance,0
Mercury Systems Sees Hammer Chart Pattern: Time to Buy?,Zacks via Yahoo Finance,0
Veeco Instruments Sees Hammer Chart Pattern: Time to Buy?,Zacks via Yahoo Finance,0
"Dow 30 Stock Roundup: UNH to Hike Dividend, MRK Zerbaxa's New Indication Gets FDA Nod",Zacks via Yahoo Finance,0
UBS Group Enters Joint Venture With a Japanese Trust Bank,Zacks via Yahoo Finance,1
TELUS to Invest $150M in Prince George to Boost Connectivity,Zacks via Yahoo Finance,1
Air Products' (APD) Shares Up 23% in 3 Months: Here's Why,Zacks via Yahoo Finance,0
"Natural Gas Plunges on Supply Data, Hits Fresh 3-Year Lows",Zacks via Yahoo Finance,0
Google Stadia Could Make Gaming Consoles Obsolete‚ If It Works,Esquire via Yahoo News,1
Why I Be Spending My Entire D.C. Vacation Inside the Line Hotel,Bon Appetit via Yahoo News,0
Ford (F) to Close Engine Plant in South Wales' Bridgend,Zacks via Yahoo Finance,1
Europe shows challenges for US regulators targeting Big Tech,Associated Press via Yahoo Finance,0
"Michaels (MIK) Q1 Earnings Meet, Tariff Woes Hurt Stock",Zacks via Yahoo Finance,0
5 Top Dow Stock Gainers of Past Month Still Holding Momentum,Zacks via Yahoo Finance,0
Facebook Sources Say That Stablecoin White Paper Will Come on June 18,Cointelegraph via Yahoo Finance,1
"Science Applications (SAIC) Q1 Earnings Beat Mark, Rise Y/Y",Zacks via Yahoo Finance,0
Join the eSports Craze With These Stocks,Zacks via Yahoo Finance,0
"France vs. South Korea Live Stream, TV Channel: How to Watch Women's World Cup",Sports Illustrated via Yahoo Sports,0
Is Papa John's International (PZZA) Out of the Woods Yet?,Zacks via Yahoo Finance,0
Hibbett (HIBB) Stock Surges 51% YTD on Robust Growth Efforts,Zacks via Yahoo Finance,0
You have to save the fish. But you do not have to save the photographs,The Independent via Yahoo News UK,0
"A Week In Washington, D.C., On A $32,000 Salary",Refinery29 via Yahoo News,0
Europe's New Tech Giant Is 100 Times More Outrageous Than Facebook,Bloomberg via Yahoo Finance,0
Scouted: Amazon‚ Got Everything You Need to Shop for Father Day and Find a Perfect Gift,The Daily Beast via Yahoo News,0
"Eagle Eye Podcast: Mo money, mo pressure for Carson Wentz",NBC Sports Philadelphia via Yahoo Sports,0
Brexit is a direct threat to the glorious scientific collaboration that sustains our modern world,The Independent via Yahoo News UK,1
Tennis Podcast: Scheduling controversy clouds semi-final Friday with women's matches shunned,The Telegraph via Yahoo News,0
Celebrate National Doughnut Day with Jacksonville's best doughnut shops,Hoodline via Yahoo News,0
Reliance Steel (RS) Up 14% in 6 Months: What's Driving It?,Zacks via Yahoo Finance,0
Global Banks to Pay $91M in Settlement for FX Manipulation,Zacks via Yahoo Finance,1
How to revive the dying art of phone conversation,Yahoo Style UK,0
Google Stadia: Company reveals streaming games service it says will make Xbox and PlayStation...,The Independent via Yahoo News UK,0
Love Island viewers think they've seen Simon Cowell hiding in the villa,Digital Spy via Yahoo News UK,0
American Water's (AWK) Arm to Invest $0.4M in Water Storage,Zacks via Yahoo Finance,1
Stephen King‚ The Langoliers Disappears Into Boring Air,Consequence of Sound via Yahoo News,0
Future premieres Save Me EP: Stream,Consequence of Sound via Yahoo News,0
"ILoveMakonnen Shares ""Shoot Shoot"" Off Upcoming 'M3' EP",Complex via Yahoo News,0
The Jonas Brothers reveal reunion album Happiness Begins: Stream,Consequence of Sound via Yahoo News,0
Stream Future's New EP 'Save Me',Complex via Yahoo News,0
"Tyga Releases 'Legendary' Album f/ Lil Wayne, Blueface, Offset, and More",Complex via Yahoo News,0
James Corden Struggled to Book ‚Carpool Karaoke‚ Guests: ‚ We Couldn‚ Get Anybody!,The Wrap via Yahoo News,0
"50 years on, New York police apologize for Stonewall riots",AFP via Yahoo News,0
Financial Guru Warren Buffett's Favorite Financial Stocks,GuruFocus.com via Yahoo Finance,0
Hyundai Invents an Infotainment System That Can Solve Family Scheduling Problems,Car and Driver via Yahoo News,1
The FCC is finally taking robocalls seriously,BGR News via Yahoo News,1
The Obamas Signed With Spotify to Distribute New Podcasts From Higher Ground,Fortune via Yahoo Finance,1
Google's challenge to game consoles to kick off in November,Associated Press via Yahoo News,1
AT&T eyes $16-$17-a-month streaming service: WSJ,Reuters via Yahoo Finance,1
The Echo Dot is back down to its lowest price of 2019,BGR News via Yahoo News,1
How To Find The Right Online Checking Account,Benzinga via Yahoo Finance,0
Smirnoff Just Released a Bunch of New Ros√©-Inspired Spiked Seltzers,MyRecipes via Yahoo News,1
7 paid iPhone apps you can download for free on June 6th,BGR News via Yahoo News,0
Make Sure Your Spouse Has Your Passwords,Kiplinger via Yahoo Finance,0
New York City Cracks Down on Ice Cream Trucks With ‚Operation Meltdown,MyRecipes via Yahoo News,0
The Best Gifts for New Dads,Fatherly via Yahoo News,0
8 Dads Tell Us What They Really Want For Father's Day,Refinery29 via Yahoo News,0
Does the SEC's ICO Lawsuit Against Kik Go Too Far?,Fortune via Yahoo Finance,0
Cocaine confession: Michael Gove accused of 'rank hypocrisy',Sky News via Yahoo News UK,0
3 Things Under the Radar This Week,Investing.com via Yahoo Finance,0
US Indexes Close Higher for the June 7 Week,GuruFocus.com via Yahoo Finance,0
Eventbrite Honors Pride Month With a Burlesque Show at Company Event,Bloomberg via Yahoo Finance,0
Google plans to press play on its Stadia cloud gaming service in November,USA TODAY via Yahoo News,1
"US STOCKS-Wall St rallies on hopes of U.S. rate cut, trade progress",Reuters via Yahoo Finance,0
"Stocks - Wall Street Rallies on Hopes for Lower Rates, Easing Trade Tensions",Investing.com via Yahoo Finance,0
Funko and GameStop Need Some Healing Potions,Motley Fool via Yahoo Finance,0
Women's World Cup on Australian TV: How to watch &amp; live stream all the games,Goal.com via Yahoo Sport,0
Sixers Talk Podcast: Where were you for AI's step over?,NBC Sports Philadelphia via Yahoo Sports,0
Exactly What to Do During Your Weekend Away in Miami,Marie Claire via Yahoo News,0
I Avoided a Lesbian Stereotype for as Long as I Could,The Oprah Magazine via Yahoo News,0
Inside the Jonas Brothers' 'Happiness Begins' listening party (Exclusive),AOL.com via Yahoo News,0
"Luxury Lockers Are Now a Thing at Apple, Nike, and Other Fortune 500 Companies",Robb Report via Yahoo News,0
Huawei Strikes a 5G Deal in Russia as the Chinese Tech Giant Remains on U.S. Blacklist,Fortune via Yahoo Finance,1
Why Upwork Scratched College Degree Requirements From Our Job Descriptions,Fortune via Yahoo Finance,0
"This Teen Sold $5,000 Worth Of Cupcakes So His Family of 7 Could Go To Disney World",Delish via Yahoo News,0
Google Details Stadia Ahead of Apple Arcade,Motley Fool via Yahoo Finance,1
Dow Jones Today: Strong Moves From a Battered Sector,InvestorPlace via Yahoo Finance,0
Final Fantasy Soundtracks Come to Streaming Services,Pitchfork via Yahoo News,0
Meet Three Teen Girls Who Made Their Own Apps ‚ While Still In High School,Refinery29 via Yahoo News,0
Ad Sales Stronger Than Expected for TV‚ Next Primetime Slate (EXCLUSIVE),Variety via Yahoo News,0
AT&T Stock Could Finally Break Through Resistance and Rally,InvestorPlace via Yahoo Finance,1
The Best Baby Food Subscription Services and Plans,Fatherly via Yahoo News,0
Google Maps adds disaster alerts following Apple's Maps app debut,Yahoo Finance,1
Barack Obama launches podcast network with Spotify,Consequence of Sound via Yahoo News,1
"Tyler, the Creator and Jay Prince Join GoldLink on New Song ""U Say""",Complex via Yahoo News,0
How the RCMP is cracking down on the rise of counterfeit goods,Yahoo Finance Canada,1
Why now is a good time for Canadians to lock in a mortgage,Yahoo Finance Canada,0
These Amazing Father's Day Sales Are Perfect for Procrastinators,Good Housekeeping via Yahoo News,0
AT&T eyes $16-$17-a-month streaming service - WSJ,Reuters via Yahoo Finance,1
Find a Laptop That Fits You,Kiplinger via Yahoo Finance,0
"Why You Really Need To Stop Avoiding Fruit, Like, Yesterday",Women's Health via Yahoo News,0
Wisconsin Teen Says She Was 'Traumatized' After Reportedly Finding Blood in Her Panera Salad,People via Yahoo News,0
"Jeff Bezos Has Never Meddled With Washington Post Coverage, Editor Marty Baron Affirms",Deadline via Yahoo News,0
"Earthquake, flood, hurricane: Google Maps adds tools to help you navigate a crisis",USA TODAY via Yahoo News,1
Democrats Have Picked the First Target of Their Sweeping Tech Antitrust Probe,Time via Yahoo News,0
Why Google has more to fear from antitrust regulators than Apple or Facebook,Yahoo Finance,0
Google Plans One of Its Biggest Acquisitions Ever in Bid to Bolster Its Cloud Business,Fortune via Yahoo Finance,0
Teen claims Panera served her salad covered in blood: 'Dressing doesn't look like that',The Independent via Yahoo News UK,0
"Now that 'Pro' means something to Apple again, can we get an iPhone Pro?",Mashable via Yahoo Finance,0
"Amazon's Alexa will be able to plan your date night by booking tickets, Ubers and dinner",USA TODAY via Yahoo News,0
Father‚ Day Gift Ideas 2019,Fatherly via Yahoo News,0
Best Backup Batteries; Powerbanks For Refueling Phones Tablets,Fatherly via Yahoo News,0
Robocall ruling by FCC will let phone companies block unwanted calls by default,USA TODAY via Yahoo News,1
I Washed My Face With Manuka Honey for a Week‚ÄîHere‚Äôs What Happened,Self via Yahoo News,0
Thursday Apple Rumors: Apple May Buy Self-Driving Car Startup Drive.ai,InvestorPlace via Yahoo Finance,0
"9 best electric toothbrushes to keep teeth healthy, bright and pearly white",The Independent via Yahoo News UK,0
Google Stadia Goes Live in November,Fortune via Yahoo Finance,1
Stocks - S&P 500 Makes a Late Surge as Trade Tensions Ease,Investing.com via Yahoo Finance,0
U.S. FCC makes it easier for phone companies to block 'robocalls',Reuters via Yahoo Canada News,0
"Owning Qualcomm (QCOM) Stock Should Be Worth the Noise, Says Morgan Stanley",SmarterAnalyst via Yahoo Finance,0
This historic sock mill once fought Nazis and clothed astronauts. It's ready for a new chapter,USA TODAY via Yahoo News,0
UPDATE 1-U.S. FCC makes it easier for phone companies to block 'robocalls',Reuters via Yahoo News,0
Gina Grad and Teresa Strasser on Why They Already Changed New Podcast‚Äôs Name ‚Äì and Platform,The Wrap via Yahoo News,0
Tornado outbreaks a reminder to make smartphones disaster-ready,USA TODAY via Yahoo News,0
Going to bed at different times can hurt your health. Here are 5 apps to help,Good Morning America via Yahoo News,0
Australian Fashion Foundation Celebrates 10 Years In New York,WWD via Yahoo News,0
"Analyst Likes Cronos, But Valuation Suggests 'Downside Potential'",Benzinga via Yahoo Finance,0
R&B Has a Sampling Problem,Rolling Stone via Yahoo News,1
FCC votes to give carriers new powers to block 'robocalls',Reuters via Yahoo Finance,1
"FCC ORDER WILL ALLOW APPLE, OTHER COMPANIES TO EMPOWER CONSUMERS BLOCK ALL CALLS NOT ON CONTACT...",Reuters via Yahoo News,1
Will Boeing Land a Mega Deal With China?,InvestorPlace via Yahoo Finance,0
Apple's Self-Driving Technology Project Might Get A Boost With Drive.ai's Acquisition,Benzinga via Yahoo Finance,1
The brilliant way iOS 13 lets you find lost devices that aren‚ even connected to a network,BGR News via Yahoo News,1
18 Financial Facts You Never Learned About World War II,MoneyWise via Yahoo Finance,0
"Today‚ top deals: $27 Fire TV Stick 4K, $1 LED bulbs, $7 smart plugs, $15 Wi-Fi extender, much more",BGR News via Yahoo News,0
Should Alexa Provide Evidence in Court? German Security Chiefs Say Yes,Fortune via Yahoo Finance,0
The Most Outstanding Furniture and Home D√©cor of the Year,Robb Report via Yahoo News,0
iOS 13: The hidden features inside latest iPhone update,The Independent via Yahoo News UK,1
Should You Be Worried About Tap-and-Go Credit Cards?,U.S.News &amp; World Report via Yahoo News,0
"After Month In Red, Stocks On A Roll Despite Trade Fears As Jobs Data Loom",Benzinga via Yahoo Finance,0
62 Super Deals and Discounts for 2019,Kiplinger via Yahoo Finance,0
"Attorney Dina LaPolt Slams Spotify, Pandora, Amazon in Midem Talk",Variety via Yahoo News,0
"Trump‚ immigration policy is ‚òvery misguided,says  KIND CEO Daniel Lubetzky",Yahoo Finance,0
4 Funds with a Good Sharpe Ratio for a Volatile Market,Zacks via Yahoo Finance,0
JPMorgan to shutter its smartphone bank account a year after nationwide launch,Reuters via Yahoo Finance,1
Skyworks (SWKS) Revises Outlook for Q3 on Huawei Headwinds,Zacks via Yahoo Finance,1
"Netflix is so successful, it might start running out of new US subscribers soon",BGR News via Yahoo News,1
"The Zacks Analyst Blog Highlights: Apple, Facebook, Amazon, Google and Microsoft",Zacks via Yahoo Finance,0
"The Zacks Analyst Blog Highlights: GLD, BTAL, REZ, EWZ and OUSA",Zacks via Yahoo Finance,0
You Can Stream Music from the Fake Band in Always Be My Maybe ‚ Including That Keanu Reeves Rap,People via Yahoo News,0
Fitness Startup Peloton Officially Begins Its Path to IPO: Term Sheet,Fortune via Yahoo Finance,1
Easy Apple Galette,PureWow via Yahoo News,1
7 Reasons Stock Buybacks Should Be Illegal,InvestorPlace via Yahoo Finance,0
The 6 Food Festivals Worth Traveling to This Summer,Robb Report via Yahoo News,0
HBO Faces Hard Questions in Post‚ Game of Thrones‚ Streaming Market,Indiewire via Yahoo News,1
How To Have Period Sex That Doesn't Look Like A Crime Scene,Refinery29 via Yahoo News,0
The SEC's Kik Crypto Case Shows Just How Far Crypto Has To Go,Fortune via Yahoo Finance,1
"Bank of America or JPMorgan, Which Bank Stock Is No. 1?",InvestorPlace via Yahoo Finance,0
Can Probiotics Really Help You Lose Weight?,Bicycling via Yahoo News,0
Where's my Apple Music and your other WWDC questions answered,USA TODAY via Yahoo News,0
"Box (BOX) Q1 Loss Narrower Than Expected, Revenues Beat",Zacks via Yahoo Finance,0
3 Pot Stocks to Avoid Like the Plague in June,Motley Fool via Yahoo Finance,0
The 10 most exciting hidden iPhone features in iOS 13,BGR News via Yahoo News,0
Last-Minute Father's Day Gifts That Will Still Arrive In Time,HuffPost Life via Yahoo News,0
These 27 Women Are Leading the Charge to Protect Our Environment,Elle via Yahoo News,0
7 iPhone privacy settings you should enable now,Mashable via Yahoo Finance,1
2019 BMW Z4 sDrive30i vs. 2019 Porsche 718 Boxster: Which Makes for a Better Summer?,Car and Driver via Yahoo News,0
Giants need defensive rookies further ahead than in past years,ProFootball Talk on NBC Sports via Yahoo Sports,1
Prince Harry Steps Out in Uniform to Visit Veterans' Retirement Home on D-Day,People via Yahoo News,0
iTunes: Apple explains what is actually happening to your music,The Independent via Yahoo News UK,1
How to watch Afcon 2019 matches in Nigeria,Goal.com via Yahoo Sport,0
Brown Forman Corporation (BF-B) Q4 2019 Earnings Call Transcript,Motley Fool via Yahoo Finance,0
Brown-Forman Corporation (BF-A) (BF-B) Q4 2019 Earnings Call Transcript,Motley Fool via Yahoo Finance,0
D-Day: Prince Harry's touching tribute to his Chelsea Pensioner 'friends',The Independent via Yahoo News UK,0
"Barrels of Oil May Be Paid for Using Crypto One Day, Head of Russian Energy Giant Says",Cointelegraph via Yahoo Finance,0
"With Meryl Streep on Big Little Lies, It's Time to Admit That Film and TV Are Converging",Time via Yahoo News,0
Tim Hortons reaches agreement to launch in Thailand,Yahoo Finance Canada,1
What to Watch on Thursday: Younger stars fight it out on Lip Sync Battle,Entertainment Weekly via Yahoo News,0
Energy Stocks Hit by Oil Slump Seek Value Investors as Index Rebalance Looms,Bloomberg via Yahoo Finance,0
Why Atlantic Canada offers bargains for cottage buyers,Yahoo Finance Canada,0
"With its new Michelin guide, has California finally stolen New York's culinary crown?",The Telegraph via Yahoo News UK,0
Stocks - Wall Street Flat as Trump Hints at More Tariffs After G20,Investing.com via Yahoo Finance,0
Apple explains exactly how the new iTunes-less macOS will work,Mashable via Yahoo Finance,1
Queen's personal connection to wartime generation makes poignant tribute,Sky News via Yahoo News UK,0
Tennis Podcast: Andrei Medvedev Interview‚ 20 years since reaching the Roland Garros final,The Telegraph via Yahoo News UK,0
Reese Witherspoon's Drastic New Cut Will Make You Want To Chop Off All Your Hair,Elle via Yahoo News,0
Big Tech Is Armed and Waiting to Repel U.S. Antitrust Onslaught,Bloomberg via Yahoo Finance,0
Tucker Carlson Hails Elizabeth Warren: 'Sounds Like Donald Trump At His Best',HuffPost via Yahoo News,0
Venice gets a new cocktail bar: The Little Friend,Hoodline via Yahoo News,0
"Album reviews: Aurora ‚Äì A Different Kind of Human, and Perry Farrell ‚Äì Kind Heaven",The Independent via Yahoo News UK,0
The Fintech Bubble Floats Toward a $64 Billion Pin,Bloomberg via Yahoo Finance,0
Exclusive: Foxconn plans management overhaul as Chairman Gou seeks Taiwan presidency - source,Reuters via Yahoo Finance,1
The 20 Best-Selling Essie Nail Colours of All Time‚ÄîThat You Can Still Buy,Who What Wear via Yahoo News,0
"The Amazing Race recap: 'You really stirred the pot, Phil!'",Entertainment Weekly via Yahoo News,0
Vegyn Releases 71-Track Mixtape 'Text While Driving If You Want To Meet God',Complex via Yahoo News,1
There's a CEO Crisis in South Africa and No One Is Stepping Up,Bloomberg via Yahoo News,0
Apple's Latest Move Could Hurt Facebook and Google,Motley Fool via Yahoo Finance,0
Better Buy: Seagate Technology vs. Qualcomm,Motley Fool via Yahoo Finance,0
Edited Transcript of YEXT.N earnings conference call or presentation 30-May-19 9:00pm GMT,Thomson Reuters StreetEvents via Yahoo Finance,0
Tucker Carlson Praises Elizabeth Warren: Her Economic Policies Make Obvious Sense,The Daily Beast via Yahoo News,0
"G20 to tackle US-China trade war, digital tax",AFP via Yahoo News,0
EXPLAINER-Should Big Tech fear U.S. antitrust enforcers?,Reuters via Yahoo Finance,0
"J.J. Abrams‚Äô New Mega-Deal: WarnerMedia, Apple Lead the Race",Variety via Yahoo News,0
J.J. Abrams May Have Narrowed Down Field For Blockbuster Overall Deal,Deadline via Yahoo News,0
"'Hello, Welcome to Uber Copter': Uber to Offer Helicopter Rides in New York City",Fortune via Yahoo Finance,1
iOS 13 will effectively kill 3D Touch ‚Äì one of the iPhone‚Äôs most underappreciated features,BGR News via Yahoo News,1
GOP lawmakers divided on House antitrust tech probe,Politico via Yahoo News,0
A Growth Versus Value Look At The Market Rally Today,ETF Trends via Yahoo Finance,0
Amazon Reveals Its Latest Delivery Drone Design,Fortune via Yahoo Finance,1
Oakland: Where the magic happens,USA TODAY via Yahoo News,0
"Emmy Season 2019 Looms, and the Limited Series Competition Is Fierce",Indiewire via Yahoo News,0
"Apple Recalls 814,000 Overseas AC Adapters Over Shock Hazard",Consumer Reports via Yahoo News,1
Apple's New Sign-In Feature Is a 'Shot Across the Bow' at Google and Facebook,Fortune via Yahoo Finance,1
Apple (AAPL) Outpaces Stock Market Gains: What You Should Know,Zacks via Yahoo Finance,1
"MLB Podcast: Re-doing our MLB predictions, weird nicknames &amp; MLB Draft takes",Yahoo Sports,0
Silicon Valley Heads to Oakland for NBA Finals: Which Tech Giants Will Sit Courtside?,Variety via Yahoo News,0
You might have missed the most promising new feature of iOS 13,BGR News via Yahoo News,0
How Johanna Konta's reinvention was fuelled by rom-coms and 'acceptance',The Telegraph via Yahoo News,0
"Todd Rundgren, Micky Dolenz, Christopher Cross team for Beatles‚Äô White Album 50th anniversary tour",Consequence of Sound via Yahoo News,0
Powell Backstops the Bull,InvestorPlace via Yahoo Finance,0
5 genius Father's Day gifts that Dad will actually use,AOL.com via Yahoo News,0
Jennifer Aniston shares sweet story of the Friends cast's pre-fame Las Vegas trip,Entertainment Weekly via Yahoo News,0
"GM Is Planning Electric Cars That Won't Give Buyers Sticker Shock, General Motors President Says",Fortune via Yahoo Finance,1
"Netflix Is Nearing Subscriber Peak in the U.S., PwC Says",Variety via Yahoo News,1
YouTube Finally Bans Supremacist Videos After 14 Years. What Took So Long?,Fortune via Yahoo Finance,0
What We Know About Sony's Next-Gen Cloud Gaming Strategy,Motley Fool via Yahoo Finance,0
Brazil retailer Via Varejo launches digital bank targeting low-income clients,Reuters via Yahoo Finance,1
Can U.S. Stocks Keep Skyrocketing?,ETF Trends via Yahoo Finance,0
Explainer: U.S.-China trade war - the levers they can pull,Reuters via Yahoo Finance,0
All the new iPad gestures you need to learn to leave your laptop behind,BGR News via Yahoo News,0
Why Streaming TV Firm Roku Stock Looks Like a Buy at New Highs,Zacks via Yahoo Finance,0
Eagle Eye Podcast: Is it necessary for Malcolm Jenkins to hold out?,NBC Sports Philadelphia via Yahoo Sports,0
Lionsgate‚Äôs Michael Burns Predicts the Bundle Will Survive ‚Äì and Go Over-the-Top,The Wrap via Yahoo News,0
"Google Stadia pricing, launch details for 'Netflix of video games' expected",Fox Business via Yahoo Finance,0
Chris Evans Calls Out Homophobic Men Trying to Throw Boston Straight Pride Parade,Indiewire via Yahoo News,0
‚ÄòGame Of Thrones‚Äô Jessica Henwick Joins Sofia Coppola‚Äôs ‚ÄòOn The Rocks‚Äô,Deadline via Yahoo News,0
UPDATE 1-Amazon executive says company welcomes scrutiny of big tech,Reuters via Yahoo Finance,1
The Fashion Mistakes New Yorkers Cringe Over,Who What Wear via Yahoo News,0
US STOCKS-Wall St climbs as weak private jobs data boost rate cut hopes,Reuters via Yahoo News,0
Should Big Tech fear U.S. antitrust enforcers?,Reuters via Yahoo Finance,0
"Why the US should go after Facebook before Apple, Amazon, or Google: Tech",Yahoo Finance,0
EXPLAINER-U.S.-China trade war - the levers they can pull,Reuters via Yahoo Finance,0
Explainer: Should Big Tech fear U.S. antitrust enforcers?,Reuters via Yahoo News,0
The Ones: Rod Wave‚Äôs ‚ÄúHeart on Ice‚Äù,Pitchfork via Yahoo News,0
How to Grow a Dwarf Fruit Tree,Southern Living via Yahoo News,0
We Tried Costco‚Äôs New Hard Cider‚ÄîAnd We‚Äôre Obsessed,Cooking Light via Yahoo News,0
A WWII Combat Photographer Was in New York City on D-Day. These Are His Long-Lost Pictures From That...,Time via Yahoo News,0
Apple sued for anti-competitive practices as US Department of Justice considers antitrust probe,GameDaily.Biz via Yahoo Finance,1
"Trevor Jackson Drops 'Rough Drafts 2' Project and ""In My Crocs"" Video",Complex via Yahoo News,0
10 Classic HBO Shows You Can Watch With Amazon Prime,HuffPost Life via Yahoo News,0
US STOCKS-Wall St gains as weak private jobs data raises rate cut bets,Reuters via Yahoo Finance,0
Cramer Says He Understands The Case For Breaking Up Big Tech,Benzinga via Yahoo Finance,0
Crowd stunned as Apple unveils new $999 monitor stand at WWDC,Mashable via Yahoo Finance,0
Mark Cuban: 'AI is going to change everything‚Äô,Yahoo Finance,0
Apple's most important product isn't the iPhone anymore,Yahoo Finance,1
How Cord Cutting Is Driving Big Changes Across the Media Landscape,Fortune via Yahoo Finance,0
"NYC Flower Shop Owner Protested Sofia Coppola‚Äôs New Movie, Forcing Production to Move",Indiewire via Yahoo News,0
7 Best Smartwatches,Fatherly via Yahoo News,0
GameStop's stock in free fall 'as business burns to the ground',Yahoo Finance,0
"WWDC 2019: Meet Apple's youngest app developer, Ayush",USA TODAY via Yahoo News,1
Hacking diabetes: People break into insulin pumps as an alternative to delayed innovations,USA TODAY via Yahoo News,0
"Sheryl Crow, Stevie Nicks, and Maren Morris team for ‚ÄúProve You Wrong‚Äù: Stream",Consequence of Sound via Yahoo News,0
"Buy Apple Stock Despite Worries on WWDC, Services &amp; Privacy Optimism?",Zacks via Yahoo Finance,0
When stocks scream sell ‚Äî here's how to survive a meltdown,Yahoo Finance,0
France to propose new tax on flights in Europe,AFP Relax News via Yahoo News,1
How to watch the 2019 Tony Awards,Entertainment Weekly via Yahoo News,0
Apple Recalls Three-Prong Wall Plug Adapters Included in World Travel Adapter Kit Due to Risk of...,PR Newswire via Yahoo Finance,1
Why Apple Stock Dropped 13% in May,Motley Fool via Yahoo Finance,0
Wednesday Apple Rumors: Apple Will Start Allowing iPad Apps on Mac,InvestorPlace via Yahoo Finance,1
Best Father‚Äôs Day Gifts Under $50,Fatherly via Yahoo News,0
8 paid iPhone apps on sale for free on June 5th,BGR News via Yahoo News,1
8 Pieces of Financial Advice From College Commencement Speakers,U.S.News &amp; World Report via Yahoo Finance,0
"Todd Rundgren, Micky Dolenz, Christopher Cross Unite for Beatles ‚ÄòWhite Album‚Äô Tour",Rolling Stone via Yahoo News,0
Amazon has the latest iPad on sale for $80 off ‚Äî its lowest price ever,Mashable via Yahoo Finance,1
5 Companies Boosting Earnings,GuruFocus.com via Yahoo Finance,0
The FTC Is Reportedly Questioning Amazon‚Äôs Competitors About These Potential Antitrust Issues,Footwear News via Yahoo News,0
Apple tells developers to put 'Sign in with Apple' button 'above' competitors,Mashable via Yahoo Finance,1
Brand new Philips Hue white LED bulbs are only 50¬¢ more than refurbs right now,BGR News via Yahoo News,0
Paris town hall apologises to parents for 'outrage' of serving children pre-packaged sandwiches,The Telegraph via Yahoo News UK,0
Who Exactly Is Jed Wyatt From 'The Bachelorette' Anyway?,Cosmopolitan via Yahoo News,0
What Fit People Need to Know About 'Athlete's Heart',Men's Health via Yahoo News,0
US Girls‚Äô Meghan Remy on the Impact of Billy Joel,Consequence of Sound via Yahoo News,0
GameStop Slumps 40% to 16-Year Low as Gaming Passes It By,Bloomberg via Yahoo Finance,0
Exactly What to Eat After You Exercise to Refuel and Recover Fast,Real Simple via Yahoo News,0
Fontaines D.C. on Marrying Poetry to Punk,Consequence of Sound via Yahoo News,0
Jeff Daniels on his Tony nod: 'I'm just glad to get a ticket to the party',Good Morning America via Yahoo News,0
"It‚Äôs folly to break up Amazon, Apple and Google",Yahoo Finance,0
The Feds Are Talking About Breaking Up Tech Giants. How Would That Affect Consumers?,Consumer Reports via Yahoo News,0
Looking to Tech For Cash Flow,ETF Trends via Yahoo Finance,0
U.S. antitrust probe to be credit negative for Google - Moody's,Reuters via Yahoo News,0
"Google, Amazon, Facebook and Apple Could Face Antitrust Investigations. How Do Those Work?",Time via Yahoo News,0
The 4 FANG Stocks Won‚Äôt Be Bitten By Regulation Threats,InvestorPlace via Yahoo Finance,0
Here's How to Transfer All of Your Data From an iPhone to a Galaxy,PopSugar via Yahoo News,0
Stocks - Techs Rise and Rate-Cut Hopes Boost Market,Investing.com via Yahoo Finance,0
The M&amp;M's Penalty and Other Baffling State Tax Laws,MoneyWise via Yahoo Finance,0
These Everyday Products May Soon Vanish From the Marketplace,MoneyWise via Yahoo Finance,0
The best sleep trackers 2019: how they work and what to buy,NetDoctor via Yahoo News,0
PSA: Apple AirPods can‚Äôt be used to record audio with the iPhone camera app,Mashable via Yahoo Finance,1
How Marijuana Legalization in Illinois Opens Up a Billion-Dollar Market,InvestorPlace via Yahoo Finance,0
8 Clever Hot Dog Recipes To Spice Up Your Backyard Barbecue,Real Simple via Yahoo News,0
Angry Orchard‚Äôs New Spritz Ros√© Hard Cider Will Become Your Go-To Summer Sip,Best Products via Yahoo News,0
Buffett's Next Buy Might Be Delta Air Lines,GuruFocus.com via Yahoo Finance,1
"Always Ignore Software Updates on Your Phone and Computer? Well, We Have Bad News",PopSugar via Yahoo News,0
"Why the US should go after Facebook before Apple, Amazon, or Google",Yahoo Finance,0
Apple iTunes lives on for Windows PC users,Mashable via Yahoo Finance,1
'Devastating Computer Worms': NSA Urges Windows Update to Patch BlueKeep Security Flaw,Fortune via Yahoo Finance,0
"Apple unveils $1,000 Pro Display stand. Twitter users say 'no thanks!'",USA TODAY via Yahoo News,1
Alphabet Stock Is Still a Sure Thing for Long-Term Investors,InvestorPlace via Yahoo Finance,0
"These Are the 10 Absolute Weirdest Delivery Requests, According to Uber Eats",Food &amp; Wine via Yahoo News,0
"Companies to Watch: Salesforce posts beat, a surprise at Campbell Soup, developers sue Apple",Yahoo Finance,1
Apple Shutters Iconic iTunes As Listeners Switch To Spotify,InvestorPlace via Yahoo Finance,1
Edited Transcript of YJ.OQ earnings conference call or presentation 4-Jun-19 11:30am GMT,Thomson Reuters StreetEvents via Yahoo Finance,0
"Actually, iTunes isn‚Äôt dead",BGR News via Yahoo News,1
The Refreshing Summer Manicure Trend You'll Want To Take A Bite Out Of,Refinery29 via Yahoo News,0
French Podcast App Majelan Launches With 13 Million Audio Episodes Across 50 Countries,Variety via Yahoo News,1
Should You Buy the FANG Stocks Sell-Off?,InvestorPlace via Yahoo Finance,0
US STOCKS-Wall Street rises as weak ADP jobs data bolsters rate-cut bets,Reuters via Yahoo News,0
How to get a job as a seasonaire in a ski resort,The Telegraph via Yahoo News,0
"The Zacks Analyst Blog Highlights: Alphabet, Facebook, Amazon, Apple and Twitter",Zacks via Yahoo Finance,0
"Munster Gives His Quick Take On Netflix, Livent And More",Benzinga via Yahoo Finance,0
"Boomerang Seems To Continue As Caterpillar, Nvidia, Apple Among Early Gainers",Benzinga via Yahoo Finance,0
9 Podcasts Fit for Retirees,Kiplinger via Yahoo Finance,0
$130 Looks Like a Ceiling on Microsoft Stock,InvestorPlace via Yahoo Finance,0
New Apple sign-ins may present issues for Facebook,Mashable via Yahoo Finance,0
Save over ¬£90 on Bose QuietComfort 20 noise cancelling earphones for Apple devices,Mashable via Yahoo Finance,1
Twitter reacts to the Apple Mac Pro ‚Äòcheese grater‚Äô,Mashable via Yahoo Finance,0
Wall Street climbs as weak private jobs data boost rate cut hopes,Reuters via Yahoo Finance,0
Private jetsetters name Restaurant de l'H√¥tel de Ville world's best restaurant,AFP Relax News via Yahoo News,0
How the heck is the Apple Watch Series 3 still down to $199 on Amazon?,BGR News via Yahoo News,0
Everything You Need to Know About Masterpass,U.S.News &amp; World Report via Yahoo Finance,0
Apple Unveils iOS 13 Featuring Dark Mode &amp; iPad OS at WWDC '19,Zacks via Yahoo Finance,1
US STOCKS-Futures pare gains after big miss on private job adds,Reuters via Yahoo Finance,0
"18 Fourth of July Quotes That Will Make You Laugh, Cry and Get Very Excited for This Year‚Äôs BBQ",PureWow via Yahoo News,0
Why Cash Is Quickly Disappearing From China's Economy‚ÄîData Sheet,Fortune via Yahoo Finance,0
"Google, Facebook have tight grip on growing U.S. online ad market: report",Reuters via Yahoo Finance Canada,0
AMD Radeon GPUs to Boost Apple Mac Pro's Graphics Performance,Zacks via Yahoo Finance,1
CBS to Release Second Season of STRANGE ANGEL in Canada,Zacks via Yahoo Finance,0
"Google, Facebook have tight grip on growing U.S. online ad market - report",Reuters via Yahoo Finance,0
Apple Activity Trends Will Transform How You Think About Steps,Men's Health via Yahoo News,1
3 Key Takeaways From Apple's WWDC,Motley Fool via Yahoo Finance,1
"Ruins, dolphins and Dominic West's castle: the best of Ireland‚Äôs newest drive",The Telegraph via Yahoo News UK,0
Welcome to TheGrill 2019: How to Cut Through the Avalanche of Content,The Wrap via Yahoo News,0
Hands-on video shows all the best new iPhone features in iOS 13,BGR News via Yahoo News,0
Spotify's New Trick Won't Hurt Sirius XM's Pandora,Motley Fool via Yahoo Finance,0
"Play the game, save the planet: Conservationists target video gamers",Reuters via Yahoo Finance,0
"Corrected: Play the game, save the planet: Conservationists target video gamers",Reuters via Yahoo News,0
Apple launches new crypto developer tools for iOS,Coin Rivet via Yahoo Finance,1
6 ETFs for June,Zacks via Yahoo Finance,0
"CORRECTED-Play the game, save the planet: Conservationists target video gamers",Reuters via Yahoo News,0
Wall St. climbs as weak private jobs data boost rate cut hopes,Reuters via Yahoo Finance,0
US STOCKS-Futures advance on growing hopes of a rate cut,Reuters via Yahoo Finance,0
"Forget $300, Can Tesla Stock Reliably Get Back to $200?",InvestorPlace via Yahoo Finance,0
"Market Morning: Cook v Warren, Bernie v Walmart, Gold Shines, Central Banks Ease, Tariffs Terrify",Market Exclusive via Yahoo Finance,0
"Google Says ""Marijua-No"" to Cannabis Apps",Motley Fool via Yahoo Finance,1
"What to Watch on Wednesday: A creepy, pink-haired Miley Cyrus on Black Mirror",Entertainment Weekly via Yahoo News,0
Stocks - Wall Street Rises on Hope that Fed May Cut Rates,Investing.com via Yahoo Finance,0
"Apple mocked over $1,000 monitor stand to go alongside brand new $6,000 Mac Pro",Yahoo News UK,1
"Apple Watch, Fire TV, Netgear routers, and more deals for June 5",Mashable via Yahoo Finance,0
What will it take to elect more female veterans to Congress?,Politico via Yahoo News,0
23 of the most amazing European cities for eating out,The Telegraph via Yahoo News,0
Mt. Gox head Karpeles plans new Japan bitcoin tech business,Associated Press via Yahoo Finance,0
"Stocks - Campbell Soup, Apple, Cronos Rise Premarket; GameStop Slumps",Investing.com via Yahoo Finance,0
Apple and Google App-Store Dominance Gives DOJ Antitrust Fodder,Bloomberg via Yahoo Finance,0
"Trump concludes UK trip, NBA Finals, 'Black Mirror' returns: 5 things to know Wednesday",USA TODAY via Yahoo News,0
"In iOS 13, Apple will save your iPhone's battery life in a clever new way",Mashable via Yahoo Finance,1
"Mets, Callaway look to rebound after Giant loss",Field Level Media via Yahoo Sports,0
Stocks - U.S. Futures Extend Rally on Rate Cut Hopes,Investing.com via Yahoo Finance,0
"Trade war, weak growth to test G20 finance leaders' economic optimism",Reuters via Yahoo Finance Canada,0
"PREVIEW-Trade war, weak growth to test G20 finance leaders' economic optimism",Reuters via Yahoo News,0
"Apple, Facebook and Google Have Lost the Monopoly Argument",Bloomberg via Yahoo Finance,0
Money Diary: A Theatre Director &amp; Professional Home Organiser On 17k,Refinery 29 UK via Yahoo News,0
"MacOS Catalina removes Dashboard, Apple's kinda useful widget feature",Mashable via Yahoo Finance,1
"Outfit Inspo To Style Your World Cup Shirt, However You'll Be Watching",Refinery 29 UK via Yahoo News,0
Expenses podcast: The unsung hero of the scandal,The Telegraph via Yahoo News UK,0
"Bas and J.I.D Connect on New Track ""Fried Rice""",Complex via Yahoo News,0
Ignore The Headlines And Buy The Antitrust Dip In Amazon Stock,InvestorPlace via Yahoo Finance,0
Bulls Talk Podcast: Celtics Insider A. Sherrod Blakely on pursuit of Anthony Davis,NBC Sports Chicago via Yahoo Sports,0
"UPDATE 1-Apple asks developers to place its login button above Google, Facebook",Reuters via Yahoo Finance,1
Edited Transcript of SE.N earnings conference call or presentation 22-May-19 12:00am GMT,Thomson Reuters StreetEvents via Yahoo Finance,0
"Tim Cook on tariffs, immigration and spending too much time on our phones",CBS MoneyWatch via Yahoo Finance,0
"Apple asks developers to place its login button above Google, Facebook",Reuters via Yahoo Finance,1
"CORRECTED-Apple asks developers to place its login button above Google, Facebook",Reuters via Yahoo News,1
Samsung celebrates 10 years of Galaxy phones with deals and promotions,BGR News via Yahoo News,1
"I Drank Wellness Shots For a Week and Felt Unstoppable, So I Asked RDs If They're Legit",PopSugar via Yahoo News,0
Developers sue Apple over App Store 'monopoly',The Telegraph via Yahoo News UK,1
"The ""Fitbit of China"" Is Still Putting Fitbit to Shame",Motley Fool via Yahoo Finance,0
Hackers Can Now Bypass Two-Factor Authentication With a New Kind of Phishing Scam,Fortune via Yahoo Finance,0
Apple CEO Cook says he doesn't see China targeting Apple in U.S.-China trade dispute,Reuters via Yahoo India Finance,1
"A Conversation with Carlos Domingo, CEO and Founder, Securitize",The Block via Yahoo Finance,0
Tech Stocks Attracting the Most Investors,GuruFocus.com via Yahoo Finance,0
I might be able to finally replace my MacBook with an iPad thanks to iPadOS,Mashable via Yahoo Finance,1
Why 68% of Facebook investors voted to oust Zuckerberg as chairman,Yahoo Finance,0
Here's How to Watch 'The Handmaid's Tale' Season 3 Online,Harper's Bazaar via Yahoo News,0
Top tech executives will be asked to testify in U.S. probe,Reuters via Yahoo Finance,0
"Dow, stocks end higher Tuesday amid Fed hints at rate cut, optimism from Mexico on trade",USA TODAY via Yahoo News,0
Study Suggests It's OK To Drink 25 Cups Of Coffee A Day. It's Not.,HuffPost Life via Yahoo News,0
"Why Facebook, Google, Apple, other tech giants will likely overcome antitrust probes",Yahoo Finance,0
US Market Starts Summer 2019 Significantly Overvalued,GuruFocus.com via Yahoo Finance,0
"The Best Ice Cream at the Ice Cream Truck, Ranked",Fatherly via Yahoo News,0
"Fed Reassures Economy, Trade Rhetoric Softens, Stocks to Consider in the Aftermath",Zacks via Yahoo Finance,0
"These Kids‚Äô Tablets Are Fun, Durable, and Even Educational",Best Products via Yahoo News,0
Your Apple Watch Can Soon Be Used as a Period Tracker,Vogue via Yahoo News,1
US Market Indexes Close Higher on Tuesday,GuruFocus.com via Yahoo Finance,0
WWDC 2019 Had the Most Important Apple Developer Keynote in Recent Memory,Fortune via Yahoo Finance,1
iOS 13 could bring our robocall nightmare to an end,BGR News via Yahoo News,1
"18 Tips for Camping With Kids, From Appalachian Mountain Club Leaders",Fatherly via Yahoo News,0
Business Highlights,Associated Press via Yahoo Finance,0
New Tariffs Ending the Bull Market?,InvestorPlace via Yahoo Finance,0
US antitrust hammer for Big Tech: what happens next?,AFP via Yahoo News,0
Looking for new podcasts? Spotify is testing out a new feature that can help,USA TODAY via Yahoo News,1
Apple's Big iPad Update Reveals Something Huge About How it Sees the Future,Time via Yahoo News,1
Is 'Big Tech' too big? A look at growing antitrust scrutiny,Associated Press via Yahoo News,0
How Cognac Is Made (and How to Enjoy It),Popular Mechanics via Yahoo News,0
"Buy Netflix Stock as FTC, DOJ Set Antitrust Sights on Facebook, Apple, Amazon, Google?",Zacks via Yahoo Finance,0
Eduardo Costantini: the billionaire who hunts down top LatAm art,AFP via Yahoo News,0
Are Digital Tokens Securities? The SEC's Kik Interactive Lawsuit May Clarify Cryptocurrency Rules,Fortune via Yahoo Finance,0
Jeff Bezos Is Casually Buying Three NYC Condos Worth an Eye-Popping $80 Million,Fortune via Yahoo Finance,0
The top 10 books on Apple's iBooks-US,Associated Press via Yahoo Finance,1
The top iPhone and iPad apps on App Store,Associated Press via Yahoo News,1
The top 10 movies on the iTunes Store,Associated Press via Yahoo News,1
Will the U.S. Break Up Big Tech? Don‚Äôt Hold Your Breath,Variety via Yahoo News,0
GameStop halts dividend as console sales slow; shares fall 26%,Reuters via Yahoo Finance,0
UPDATE 3-GameStop halts dividend as console sales slow; shares fall 26%,Reuters via Yahoo News,0
‚ÄòBadger Wallet‚Äô for Bitcoin Cash Launches On iOS,Coindesk via Yahoo Finance,1
US STOCKS-Wall Street soars on U.S. rate cut hopes,Reuters via Yahoo News,0
The Inevitables 2,GuruFocus.com via Yahoo Finance,0
"Dow Jones Today: Finally, The Markets See Some Relief",InvestorPlace via Yahoo Finance,0
Markets Right Now: Dow gains 512 points on back of Fed,Associated Press via Yahoo Finance,0
Apple App Developers Jump on Silicon Valley Antitrust Bandwagon,Bloomberg via Yahoo Finance,1
"Stocks rally amid signs of softening trade tensions, tech rebound",Yahoo Finance,0
5 Exciting Announcements from IKEA's Democratic Design Days,Architectural Digest via Yahoo News,1
RIP iTunes. Apple says your music is safe,ABC News via Yahoo News,1
US stocks move broadly higher; Dow jumps over 450 points,Associated Press via Yahoo Finance,0
Check out the smart new way iOS 13 manages Wi-Fi and Bluetooth connections on the iPhone,BGR News via Yahoo News,0
Games dominate Apple's Design Awards,USA TODAY via Yahoo News,1
Apple doesn't backtrack the way Steve Jobs did. That's a problem.,Mashable via Yahoo Finance,1
Battlestar Galactica reboot's creator returns to space in For All Mankind trailer,Digital Spy via Yahoo News UK,0
The Easiest Way to Watch the 2019 CMT Awards,The Oprah Magazine via Yahoo News,0
Developers sue Apple over app store fees,AFP via Yahoo News,1
US STOCKS-Wall Street rebounds on U.S. rate cut hopes,Reuters via Yahoo Finance,0
Low-Cal Starbucks Drinks Exist (and They're Not Just Black Coffee!),PopSugar via Yahoo News,1
"Apple's WWDC 2019 Was All About Apps, Security",Benzinga via Yahoo Finance,1
Top San Jose news: City to settle over student's tow-truck death; tech conference an economic boon,Hoodline via Yahoo News,0
Rookie Orientation: T.J. Hockenson - The Throwback,Yahoo Sports,0
Energy Drinks May Cause Heart Problems‚ÄîHere‚Äôs How to Get a Natural Boost Instead,Health via Yahoo News,0
"UPDATE 1-EU to focus on trade tensions at G20, seek tax on digital firms -document",Reuters via Yahoo Finance,0
British Airways Introduces an Exclusive English Sparkling Wine for Its Centennial,Food &amp; Wine via Yahoo News,1
"These are America‚Äôs favorite and least favorite mobile phones and wireless companies, survey says",Fox Business via Yahoo Finance,0
How a crew of fraudsters allegedly stole $19 million worth of iPhones,Quartz via Yahoo Finance,1
"R.I.P. Apple‚Äôs iTunes: Remembering the Best, Worst and Wackiest Moments",Rolling Stone via Yahoo News,1
These New Fruit Roll-Ups Taste Exactly Like Jolly Ranchers,Delish via Yahoo News,0
"""Big Tech Threatened by Regulation:"" What Else Is New?",Zacks via Yahoo Finance,0
Miley Cyrus goes after writer who didn't like her new album: 'Out of touch',Yahoo Celebrity,0
Vanguard Small-Cap Value ETF (VBR): Capture Growth With A Low Expense Ratio,ETF Trends via Yahoo Finance,0
"Tim Cook Says Apple Sign In Isn't ""Taking a Shot at Anybody,"" but It Definitely Is",Motley Fool via Yahoo Finance,0
WRAPUP 2-Top tech executives will be asked to testify in U.S. probe,Reuters via Yahoo Finance,0
WRAPUP 1-Top tech executives will be asked to testify in U.S. probe,Reuters via Yahoo News,0
Tuesday Apple Rumors: Apple Isn‚Äôt Completely Killing iTunes,InvestorPlace via Yahoo Finance,1
"Elizabeth Warren plans ‚Äòaggressive intervention‚Äô to create, defend US jobs",Fox Business via Yahoo Finance,0
WWDC 2019: How the Apple Watch Is Breaking Free From the iPhone,Fortune via Yahoo Finance,1
"Antitrust policy in spotlight as Trump admin, 2020 Dems and Congress lay siege to tech giants",Fox Business via Yahoo Finance,0
"EU to focus on trade tensions at G20, seek tax on digital firms - document",Reuters via Yahoo Finance,0
Markets Surge As Fed Chairman Indicates Rates May Be Cut If Necessary,ETF Trends via Yahoo Finance,0
7 paid iPhone apps you can download for free on June 4th,BGR News via Yahoo News,1
CORRECTED-US STOCKS-Wall Street rebounds on rate-cut hopes,Reuters via Yahoo Finance,0
'12 Billion Transactions:' How Data Is Transforming the Music Business,Fortune via Yahoo Finance,0
Low-Cost Banking And Where To Find It,Benzinga via Yahoo Finance,0
Nasdaq Correction Zone: Short Index With These ETFs,Zacks via Yahoo Finance,0
5 Farm-to-Table Recipes the Whole Family Will Love,Parents via Yahoo News,0
How to block robocalls on iPhone with the incoming Apple software update,Fox Business via Yahoo Finance,10
Apple backs up privacy chest-beating with critical new feature,USA TODAY via Yahoo News,1
A 'Canadian Berkshire Hathaway' is quietly outperforming the FAANG stocks,Yahoo Finance Canada,0
Better late than never: PS4 and Xbox One controller support in iOS 13 is a game-changer,BGR News via Yahoo News,0
"Markets Right Now: Stocks soar on trade, rate cut hopes",Associated Press via Yahoo Finance,0
The One Phrase That Will Help You Find Inner Peace in Any Situation,GQ via Yahoo News,0
Stock - Wall Street Surges on Powell's Promises,Investing.com via Yahoo Finance,0
Best Wireless Headphones,Fatherly via Yahoo News,0
UPDATE 2-Brazil telecom Oi adds mobile customers as it expands 4.5G coverage,Reuters via Yahoo Finance,0
Hollywood Producer Launches $15 Million Campaign To Fight Abortion Bans,HuffPost via Yahoo News,0
The Best Gifts for 2018 Graduates,SheKnows via Yahoo News,0
Developers sue Apple over App Store practices,Reuters via Yahoo India Finance,1
Wall Street soars on U.S. rate cut hopes,Reuters via Yahoo Finance,0
Have an old iPhone? No dark mode for you.,Mashable via Yahoo Finance,0
"Apple CEO Tim Cook Tells CBS News, ‚ÄúWe Are Not A Monopoly‚Äù",Deadline via Yahoo News,1
"With Google and Facebook under the microscope, Apple could emerge a winner: Analyst",Yahoo Finance,0
Hawley Urges Apple to Offer ‚ÄòDo Not Track‚Äô Option to Customers,National Review via Yahoo News,1
Apple WWDC 2019: iTunes is yesterday; today's all about swifter new iOS features,USA TODAY via Yahoo News,1
Firefox browser blocks sites and advertisers from tracking you online by default,USA TODAY via Yahoo News,1
STATELINE-Food Banks Win in Trump Trade War,Reuters via Yahoo News,0
"Tim Cook disputes claim Apple is a monopoly, but says tech giant 'should be scrutinized'",USA TODAY via Yahoo News,1
Here's What Will Happen to Your Music When Apple Terminates iTunes,PopSugar via Yahoo News,0
Tech ETFs Plummet on Antitrust Scrutiny Fears,Zacks via Yahoo Finance,0
"Apple is ‚Äònot a monopoly,‚Äô CEO Tim Cook says amid reports of possible antitrust probe",Fox Business via Yahoo Finance,1
"Google is the top company business students want to work at in 2019, survey finds",Fox Business via Yahoo Finance,1
Is Now the Best Time to Own Qualcomm Stock?,InvestorPlace via Yahoo Finance,0
US STOCKS-Wall St gains on rate-cut hopes; tech leads rebound,Reuters via Yahoo News,0
Apple CEO Denies the Tech Giant Is a Monopoly but Says U.S. ‚ÄòScrutiny Is Fair‚Äô,Variety via Yahoo News,1
Grammy Award-Winning Jazz Drummer Lawrence Leathers Found Dead at 37 in Building Stairwell,People via Yahoo News,0
Watch the crowd's stunned reaction after Apple reveals its new monitor stand will cost $999,Mashable via Yahoo Finance,0
Exciting New Details About the 'American Idol' Auditions Were Just Announced,Good Housekeeping via Yahoo News,0
"Wall Street Pooh-Poohs ‚ÄòNuclear Options‚Äô for Facebook, Google",Bloomberg via Yahoo Finance,0
4 Defensive Funds to Buy Amid Market Gyration,Zacks via Yahoo Finance,0
Apple Is Pulling the Plug on iTunes. So What Happens to All Your Music?,Time via Yahoo News,0
"Investors Appear To Relax A Little On Encouraging News On China, Mexico Trade Fronts",Benzinga via Yahoo Finance,0
"Foursquare Acquires Placed From Snap Inc., Will Add to Location-Based Offerings",WWD via Yahoo News,0
2019 Ram 2500 Is a Refined Workhorse,Consumer Reports via Yahoo News,0
The Ones: Key Glock‚Äôs ‚ÄúSpazzin Out‚Äù,Pitchfork via Yahoo News,0
Senator asks Apple CEO to give customers 'do not track' option,Fox Business via Yahoo Finance,1
The iPad just moved a big step closer to replacing your laptop,BGR News via Yahoo News,1
Who Will Be Godparents to Meghan Markle and Prince Harry's Son Archie? Check Out the Options,Entertainment Tonight via Yahoo News,0
"8 best running headphones for sound quality, battery life and comfort",The Independent via Yahoo News UK,0
True wireless earbuds that sound this good shouldn‚Äôt be on sale for only $28,BGR News via Yahoo News,0
Mac n cheese: Twitter brings the jokes as Apple introduces Mac Pro at WWDC,USA TODAY via Yahoo News,0
"Stock Market News For Jun 4, 2019",Zacks via Yahoo Finance,0
Apple's new Photos app for iOS 13 may just be the tool you've been waiting for,USA TODAY via Yahoo News,1
Uber says IRS probing its 2013-14 tax returns,Reuters via Yahoo India Finance,0
How do you take olanzapine?,NetDoctor via Yahoo News,0
"Apple CEO says U.S. scrutiny 'fair,' but rejects idea company is a monopoly",Reuters via Yahoo Finance Canada,1
This is the biggest Galaxy Note 10 leak so far,BGR News via Yahoo News,0
The best 8K televisions: Sony ZG9 8K vs Samsung QLED 8K Q950R,The Telegraph via Yahoo News UK,0
Apple set to introduce CryptoKit in iOS 13,The Block via Yahoo Finance,1
US STOCKS-Wall St set to open higher after Bullard boosts rate cut hopes,Reuters via Yahoo News,0
Garmin Arm Partners With BCBS to Expand in Healthcare Market,Zacks via Yahoo Finance,0
"That Odd Feeling When the Crowd Cheers a $6,000 Computer‚ÄîData Sheet",Fortune via Yahoo Finance,0
"Amazon is blowing out a bunch of Anker accessories, today only",BGR News via Yahoo News,1
The 5 Best (and Most Affordable) Places to Travel in June,PureWow via Yahoo News,0
A war is brewing between Trump and corporate America,Yahoo Finance,0
iOS 13: Apple Maps gets a brand new look this fall,USA TODAY via Yahoo News,1
Apple Publishes Bitcoin Icons &amp; ‚ÄòCryptoKit‚Äô; iPhone Crypto Wallet Coming?,CCN via Yahoo Finance,1
The Awardist podcast: After Life star Ricky Gervais wants you to toughen up,Entertainment Weekly via Yahoo News,0
iOS13: Here's what you need to know about Apple's new iPhone operating system,USA TODAY via Yahoo News,1
Alan Patricof Interview ‚Äì An Irrational Exuberance in Terms of the New IPO Market,Insider Monkey via Yahoo Finance,0
"Amazon‚Äôs $50 Fire TV Stick 4K just dropped to $27, which is completely unheard of",BGR News via Yahoo News,1
Why Aritzia's CEO sees influencers as a part of the company's future,Yahoo Finance Canada,0
The Box Earnings Debacle Is a Risk Too Big,InvestorPlace via Yahoo Finance,0
"Trump meets with Theresa May, Tiananmen Square protests 30 years later: 5 things to know Tuesday",USA TODAY via Yahoo News,0
All the best new iOS 13 features Apple didn‚Äôt reveal at WWDC,BGR News via Yahoo News,1
A Set of Guidelines for Happiness,Bloomberg via Yahoo Finance,0
iTunes shutting down: What will happen to your music and movie downloads?,The Independent via Yahoo News UK,0
Canadian smartphone-maker Siyata Mobile sees billions in U.S. market,Yahoo Finance Canada,0
US STOCKS-Futures rise after Bullard boosts rate cut hopes,Reuters via Yahoo Finance,0
"Apple formally announces standalone Music, Podcasts, and TV apps to replace iTunes",Consequence of Sound via Yahoo News,0
See what the IHS Markit Score report has to say about Apple Hospitality REIT Inc.,Markit via Yahoo Finance,0
China Could Make or Break the Case for TSLA Stock,InvestorPlace via Yahoo Finance,0
Tuesday‚Äôs Hot Clicks: Stanford Star Learns He‚Äôs Been Drafted While on Deck,Sports Illustrated via Yahoo Sports,0
Is Investing in Artificial Intelligence ETFs a Smart Idea?,ETF Trends via Yahoo Finance,0
"Aubrey Plaza Is Cosmo's July Cover Star, and She's Gonna Eat You Alive",Cosmopolitan via Yahoo News,0
The EU Official Who Wants a Trump Nickname: The Broadsheet,Fortune via Yahoo Finance,0
Congress Opens Bipartisan Probe of Competition in Tech Industry,Bloomberg via Yahoo News,0
"This compact Bose sound bar everyone loves just dropped to $179.99, a new all-time low",BGR News via Yahoo News,1
Visa Stock Got an Overweight Rating for Some Very Good Reasons,InvestorPlace via Yahoo Finance,0
Backstory: 'Glorious and heartbreaking' - D-Day as lived by a Reuters correspondent,Reuters via Yahoo News,0
Amsterdam hotels: 15 best places for location and style,The Independent via Yahoo News,0
Backstory:D-Day as lived by a Reuters correspondent,Reuters via Yahoo News,0
What Trade/Antitrust Issues? 5 Top Stocks in Fine Fettle,Zacks via Yahoo Finance,0
BACKSTORY-‚ÄòGlorious and heartbreaking‚Äô - D-Day as lived by a Reuters correspondent,Reuters via Yahoo News,0
The U.S. Government Has Big Tech in Its Crosshairs,Motley Fool via Yahoo Finance,0
5 storylines to watch at Giants minicamp,SNY via Yahoo Sports,0
Apple to Unveil ‚ÄòCryptoKit‚Äô Cryptographic Developer Package at Upcoming Conference,Cointelegraph via Yahoo Finance,1
UPDATE 4-Uber says IRS probing its 2013-14 tax returns,Reuters via Yahoo Finance,0
UPDATE 2-Uber says IRS probing its 2013-14 tax returns,Reuters via Yahoo News,0
The Toronto Raptors used a high-risk business strategy to make the NBA Finals,Quartz via Yahoo Finance,0
5G Hype Fails to Ignite Much Bidding for 5G Airwave Rights,Fortune via Yahoo Finance,0
Samsung seeks bigger share of Indian market with new line of high-end TVs,Reuters via Yahoo Finance,1
"PlayStation, Xbox controllers to work with iOS, tvOS 13",AFP Relax News via Yahoo News,0
Apple delivers slew of operating system updates at WWDC 2019,AFP Relax News via Yahoo News,1
Apple reveals Mac Pro computer stand that costs $999,The Independent via Yahoo News UK,1
"Google, Facebook and Apple take a hit from antitrust probe reports: Morning Brief",Yahoo Finance,0
What to Watch on Tuesday: Abby Lee Miller is back to terrorize twinkle-toed youths on Dance Moms,Entertainment Weekly via Yahoo News,0
'Minecraft Earth' given stage demonstration at Apple WWDC showcase,AFP Relax News via Yahoo News,1
"How to make delicious harissa falafels with spiced beetroot, kefir dressing and pittas",The Independent via Yahoo News UK,0
The Dangers of Social Divisions: CEO Daily,Fortune via Yahoo Finance,0
Chefs Debate The Best And Worst Things You Can Do To Potato Salad,HuffPost Life via Yahoo News,0
Stocks - Wall Street Rises as Possibility of Fed Rate Cut in Focus,Investing.com via Yahoo Finance,0
Metallica Appoints Rob Dietrich as New Blackened Whiskey Master Distiller,The Daily Beast via Yahoo News,0
Congress launches Big Tech antitrust probe,Associated Press via Yahoo Finance,0
GLOBAL MARKETS-Stocks fend off tech problems; bonds stay strong,Reuters via Yahoo Finance,0
How Trump‚Äôs ‚ÄòMuslim Ban‚Äô Forced Sacha Baron Cohen Back ‚ÄòUndercover‚Äô for ‚ÄòWho Is America?‚Äô,The Daily Beast via Yahoo News,0
Is Now The Time to Buy Alphabet Stock?,TipRanks via Yahoo Finance,0
Scouted: The 5 Best Smart Speakers That Combine Smart Home Capabilities With Stylish Design,The Daily Beast via Yahoo News,0
"LG gram laptops on sale: Light, cheap, and great battery life",Mashable via Yahoo Finance,0
"Ring Alarm, Apple and Garmin watches, and more deals for June 4",Mashable via Yahoo Finance,0
iOS 13: The iPhone and iPad models that won‚Äôt be able to update to new operating system,The Independent via Yahoo News UK,1
"UPDATE 1-Tech selloff spreads to European stocks, carmakers up",Reuters via Yahoo News,0
World shares skid after technology sell-off hits Nasdaq,Associated Press via Yahoo Finance,0
"UPDATE 1-Taiwan says ""unrepentant"" China covering up June 4 Tiananmen crackdown",Reuters via Yahoo News,0
Edited Transcript of LGF earnings conference call or presentation 23-May-19 9:00pm GMT,Thomson Reuters StreetEvents via Yahoo Finance,0
"Ricky Gervais, Sharon Horgan Explore TV Trends as Producers",Variety via Yahoo News,0
Global Distributors Work to Stand Out in a Competitive Streaming World,Variety via Yahoo News,0
Tech sell-off spreads to Europe after U.S. antitrust moves,Reuters via Yahoo Finance,0
"U.S. probe of Google's online ad dominance would appease long suffering rivals, publishers",Reuters via Yahoo India Finance,1
Stocks - U.S. Futures Rise as Fed‚Äôs Bullard Points to Possible Rate Cut,Investing.com via Yahoo Finance,0
Apple Says Goodbye To iTunes &amp; Announces A Ton Of Cool New Features ‚Äî Here's The Lowdown,Refinery 29 UK via Yahoo News,1
iOS 13: New iPhone and iPad software available now ‚Äì but Apple warns users not to install it,The Independent via Yahoo News UK,1
My Ramadan Diary: A 23-Year-Old Fasting For The First Time,Refinery 29 UK via Yahoo News,0
GLOBAL MARKETS-Asian shares fall on weak data as focus shifts to rate cuts,Reuters via Yahoo Finance,0
"Comic: Bullseye on Big Tech: Trump Makes Good on His Threat to Go After Google, Amazon",Investing.com via Yahoo Finance,0
"Goodbye MetroCard, hello ... Omny? New York subway debuts tap-to-pay",The Guardian via Yahoo News,0
World's biggest firms foresee $1 trillion climate cost hit,Reuters via Yahoo News,0
PRESS DIGEST-New York Times business news - June 4,Reuters via Yahoo Finance,0
PRESS DIGEST -Wall Street Journal - June 4,Reuters via Yahoo Finance,0
Wary Smartphone Buyers Help Trump Turn the Screws on Huawei,Bloomberg via Yahoo Finance,1
"Morning News Call - India, June 4",Reuters via Yahoo Finance,0
GLOBAL MARKETS-Asian shares fall as weak data inflames growth fears,Reuters via Yahoo News,0
Mandalay Digital Group (APPS) Q4 2019 Earnings Call Transcript,Motley Fool via Yahoo Finance,0
Taiwan says 'unrepentant' China covering up June 4 Tiananmen crackdown,Reuters via Yahoo News,0
Ancient saber-toothed cats could crush a skull with their teeth,BGR News via Yahoo News,0
"How Bad Is Screen Time, Really?",People via Yahoo News,0
"Tim Cook: Apple is ""moving privacy protections forward""",CBS MoneyWatch via Yahoo Finance,1
Uber's Lackluster First-Ever Quarterly Report,Motley Fool via Yahoo Finance,0
Google will reveal Stadia cloud gaming service launch information this week,BGR News via Yahoo News,1
"Growing Criticism Makes Big Tech a Big Target Over Antitrust, Legal Experts Say",Fortune via Yahoo Finance,0
Apple iTunes to play last song,AFP via Yahoo News,1
Tiananmen: When China shifted from solidarity to stability,Associated Press via Yahoo News,0
"Apple's new $6,000 Mac Pro is a monster of a computer inside and out",Mashable via Yahoo Finance,0
At The Yard Podcast: How much will Jay Bruce play? An interview with Chris Young,NBC Sports Philadelphia via Yahoo Sports,0
"The Ledger: The Crypto Rebellion, Mastercard Moxie, As Coinbase Turns",Fortune via Yahoo Finance,0
Apple isn't really killing iTunes ‚ here‚ what is going on,BGR News via Yahoo News,0